[{"model": "auth.user", "pk": 1, "fields": {"password": "pbkdf2_sha256$720000$Ifgkvh6ws3f8XzoywBs3Mf$9hWq7ZfqpANEDQDio5oe4BZbMNHzyCEoEZCumOBFGkE=", "last_login": "2025-02-07T08:22:40.315Z", "is_superuser": true, "username": "abhishek", "first_name": "", "last_name": "", "email": "abhishekaryz@gmail.com", "is_staff": true, "is_active": true, "date_joined": "2025-01-16T19:54:53.969Z", "groups": [], "user_permissions": []}}, {"model": "auth.user", "pk": 2, "fields": {"password": "pbkdf2_sha256$720000$MZM52TTHsXPNRvY6eqPENL$rLXu8NUIAYeIvlVAJIgeHtnt0EaO/TsN5/bfXJxsHQk=", "last_login": null, "is_superuser": false, "username": "abhishekaryz@gmail.com", "first_name": "abhi", "last_name": "aryz", "email": "abhishekaryz@gmail.com", "is_staff": false, "is_active": true, "date_joined": "2025-01-16T19:58:03.307Z", "groups": [], "user_permissions": []}}, {"model": "auth.user", "pk": 3, "fields": {"password": "pbkdf2_sha256$870000$ya6ebS1GLQUal64ila3eYj$Tmf0kxnASmVbDPiVsBp15iAcxS+ClQG1dGLwYjohKWg=", "last_login": null, "is_superuser": false, "username": "gautam@gmail.com", "first_name": "gautam", "last_name": "mishra", "email": "gautam@gmail.com", "is_staff": false, "is_active": true, "date_joined": "2025-02-01T14:45:56.123Z", "groups": [], "user_permissions": []}}, {"model": "sessions.session", "pk": "5t548ufun9eqdivgwlzmxojmwdyc9sht", "fields": {"session_data": ".eJxVjEEOgjAQRe_StWkKtB1w6Z4zkJnO1KKmTSisjHcXEha6fe_9_1YTbmuatirLNLO6qkZdfhlheEo-BD8w34sOJa_LTPpI9GmrHgvL63a2fwcJa9rXjohAvG1iHyN47wAHgt6EIRpjgUkITIsC0nlrzU4dITK1HUePZNXnC_S4OJM:1tgJdI:WnuquEvRLMYNK14hu5FucrQwuDJxdbj5w_93f4lkYlQ", "expire_date": "2025-02-21T08:22:40.316Z"}}, {"model": "sessions.session", "pk": "bbalmov0pz85dl794qkqno9819plbso3", "fields": {"session_data": ".eJxVjDsOwyAQBe9CHSHA_Jwyvc-All0ITiKQjF1FuXtsyUXSvpl5bxZgW0vYelrCTOzKJLv8bhHwmeoB6AH13ji2ui5z5IfCT9r51Ci9bqf7d1Cgl702MiaUWtGoKZtkgbJyKkeHZAaHRlqH0kccpfa75WEQQNqoLJSlmAT7fAH1ajgm:1teCwQ:cRPwRj7ITw-waiSfYfxrD7YrY-UJVfs9G4kz5S9YxaA", "expire_date": "2025-02-15T12:49:42.634Z"}}, {"model": "sessions.session", "pk": "dhyo3rt06uquy67qkdtmj5izodwm3oas", "fields": {"session_data": ".eJxVjEEOwiAQRe_C2hCGgoBL9z1DM2VmpGpoUtqV8e7apAvd_vfef6kBt7UMW-NlmEhdFKjT7zZifnDdAd2x3mad57ou06h3RR-06X4mfl4P9--gYCvferQcQXz0yM6IIysuYHIEYlxyYsV3FChY4DN0EY1NYHIMiYWyN0Dq_QHfnTem:1tcHRZ:5nkbpN3dfHCnH4mwsBGbBPcBEuKCbqFwZR2CAOoIZf0", "expire_date": "2025-02-10T05:13:53.871Z"}}, {"model": "sessions.session", "pk": "iv1lg51w44qzbt2zyse1bxnqtckc696e", "fields": {"session_data": ".eJxVjEEOwiAQRe_C2hCGgoBL9z1DM2VmpGpoUtqV8e7apAvd_vfef6kBt7UMW-NlmEhdFKjT7zZifnDdAd2x3mad57ou06h3RR-06X4mfl4P9--gYCvferQcQXz0yM6IIysuYHIEYlxyYsV3FChY4DN0EY1NYHIMiYWyN0Dq_QHfnTem:1tYVxa:uv0COlY6djKjOIe6ZTKFHhDf8BIPKjXzXvsLb7eaoZA", "expire_date": "2025-01-30T19:55:22.050Z"}}, {"model": "sessions.session", "pk": "kj93l6q79sf9yvuqfndnhl27y9qfedok", "fields": {"session_data": ".eJxVjDsOwyAQBe9CHSHA_Jwyvc-All0ITiKQjF1FuXtsyUXSvpl5bxZgW0vYelrCTOzKJLv8bhHwmeoB6AH13ji2ui5z5IfCT9r51Ci9bqf7d1Cgl702MiaUWtGoKZtkgbJyKkeHZAaHRlqH0kccpfa75WEQQNqoLJSlmAT7fAH1ajgm:1teFOR:LSzaiWRSdXsomyfSAH1K8JCS8CX-2Aq40IlhFqBe1b0", "expire_date": "2025-02-15T15:26:47.755Z"}}, {"model": "api.location", "pk": 1, "fields": {"country": "India", "state": "Delhi", "city": "Delhi", "tier": "Tier-I", "population": "10927986"}}, {"model": "api.location", "pk": 2, "fields": {"country": "India", "state": "Maharashtra", "city": "Mumbai", "tier": "Tier-I", "population": "12691836"}}, {"model": "api.location", "pk": 3, "fields": {"country": "India", "state": "Maharashtra", "city": "Pune", "tier": "Tier-I", "population": "2935744"}}, {"model": "api.location", "pk": 4, "fields": {"country": "India", "state": "West Bengal", "city": "Kolkata", "tier": "Tier-I", "population": "4631392"}}, {"model": "api.location", "pk": 5, "fields": {"country": "India", "state": "Gujarat", "city": "Ahmedabad", "tier": "Tier-I", "population": "3719710"}}, {"model": "api.location", "pk": 6, "fields": {"country": "India", "state": "Andhra Pradesh", "city": "Hyderabad", "tier": "Tier-I", "population": "3597816"}}, {"model": "api.location", "pk": 7, "fields": {"country": "India", "state": "Karnataka", "city": "Bangalore", "tier": "Tier-I", "population": "5104047"}}, {"model": "api.location", "pk": 8, "fields": {"country": "India", "state": "Tamil Nadu", "city": "Chennai", "tier": "Tier-I", "population": "4328063"}}, {"model": "api.location", "pk": 9, "fields": {"country": "India", "state": "Chandigarh", "city": "Chandigarh", "tier": "Tier-II", "population": "960787"}}, {"model": "api.location", "pk": 10, "fields": {"country": "India", "state": "Andhra Pradesh", "city": "Vijayawada", "tier": "Tier-II", "population": "874587"}}, {"model": "api.location", "pk": 11, "fields": {"country": "India", "state": "Andhra Pradesh", "city": "Visakhapatnam", "tier": "Tier-II", "population": "1063178"}}, {"model": "api.location", "pk": 12, "fields": {"country": "India", "state": "Andhra Pradesh", "city": "Guntur", "tier": "Tier-II", "population": "530577"}}, {"model": "api.location", "pk": 13, "fields": {"country": "India", "state": "Assam", "city": "Guwahati", "tier": "Tier-II", "population": "899094"}}, {"model": "api.location", "pk": 14, "fields": {"country": "India", "state": "Bihar", "city": "Patna", "tier": "Tier-II", "population": "1599920"}}, {"model": "api.location", "pk": 15, "fields": {"country": "India", "state": "Chhattisgarh", "city": "Bhilai", "tier": "Tier-II", "population": "625138"}}, {"model": "api.location", "pk": 16, "fields": {"country": "India", "state": "Chhattisgarh", "city": "Raipur", "tier": "Tier-II", "population": "679995"}}, {"model": "api.location", "pk": 17, "fields": {"country": "India", "state": "Gujarat", "city": "Rajkot", "tier": "Tier-II", "population": "1177362"}}, {"model": "api.location", "pk": 18, "fields": {"country": "India", "state": "Gujarat", "city": "Jamnagar", "tier": "Tier-II", "population": "492056"}}, {"model": "api.location", "pk": 19, "fields": {"country": "India", "state": "Gujarat", "city": "Vadodara", "tier": "Tier-II", "population": "1409476"}}, {"model": "api.location", "pk": 20, "fields": {"country": "India", "state": "Gujarat", "city": "Surat", "tier": "Tier-II", "population": "2894504"}}, {"model": "api.location", "pk": 21, "fields": {"country": "India", "state": "Haryana", "city": "Faridabad", "tier": "Tier-II", "population": "1220229"}}, {"model": "api.location", "pk": 22, "fields": {"country": "India", "state": "Jammu and Kashmir", "city": "Srinagar", "tier": "Tier-II", "population": "975857"}}, {"model": "api.location", "pk": 23, "fields": {"country": "India", "state": "Jammu and Kashmir", "city": "Jammu", "tier": "Tier-II", "population": "465567"}}, {"model": "api.location", "pk": 24, "fields": {"country": "India", "state": "Jharkhand", "city": "Jamshedpur", "tier": "Tier-II", "population": "616338"}}, {"model": "api.location", "pk": 25, "fields": {"country": "India", "state": "Jharkhand", "city": "Dhanbad", "tier": "Tier-II", "population": "219636"}}, {"model": "api.location", "pk": 26, "fields": {"country": "India", "state": "Jharkhand", "city": "Ranchi", "tier": "Tier-II", "population": "846454"}}, {"model": "api.location", "pk": 27, "fields": {"country": "India", "state": "Karnataka", "city": "Belgaum", "tier": "Tier-II", "population": "428720"}}, {"model": "api.location", "pk": 28, "fields": {"country": "India", "state": "Karnataka", "city": "Hubli", "tier": "Tier-II", "population": "840214"}}, {"model": "api.location", "pk": 29, "fields": {"country": "India", "state": "Karnataka", "city": "Mangalore", "tier": "Tier-II", "population": "417387"}}, {"model": "api.location", "pk": 30, "fields": {"country": "India", "state": "Karnataka", "city": "Mysore", "tier": "Tier-II", "population": "868313"}}, {"model": "api.location", "pk": 31, "fields": {"country": "India", "state": "Kerala", "city": "Kozhikode", "tier": "Tier-II", "population": "439922"}}, {"model": "api.location", "pk": 32, "fields": {"country": "India", "state": "Kerala", "city": "Kochi", "tier": "Tier-II", "population": "604696"}}, {"model": "api.location", "pk": 33, "fields": {"country": "India", "state": "Kerala", "city": "Thiruvananthapuram", "tier": "Tier-II", "population": "784153"}}, {"model": "api.location", "pk": 34, "fields": {"country": "India", "state": "Madhya Pradesh", "city": "Gwalior", "tier": "Tier-II", "population": "882458"}}, {"model": "api.location", "pk": 35, "fields": {"country": "India", "state": "Madhya Pradesh", "city": "Indore", "tier": "Tier-II", "population": "1837041"}}, {"model": "api.location", "pk": 36, "fields": {"country": "India", "state": "Madhya Pradesh", "city": "Bhopal", "tier": "Tier-II", "population": "1599914"}}, {"model": "api.location", "pk": 37, "fields": {"country": "India", "state": "Madhya Pradesh", "city": "Jabalpur", "tier": "Tier-II", "population": "1030168"}}, {"model": "api.location", "pk": 38, "fields": {"country": "India", "state": "Maharashtra", "city": "Amravati", "tier": "Tier-II", "population": "603837"}}, {"model": "api.location", "pk": 39, "fields": {"country": "India", "state": "Maharashtra", "city": "Nagpur", "tier": "Tier-II", "population": "2228018"}}, {"model": "api.location", "pk": 40, "fields": {"country": "India", "state": "Maharashtra", "city": "Aurangabad", "tier": "Tier-II", "population": "1016441"}}, {"model": "api.location", "pk": 41, "fields": {"country": "India", "state": "Maharashtra", "city": "Nashik", "tier": "Tier-II", "population": "1289497"}}, {"model": "api.location", "pk": 42, "fields": {"country": "India", "state": "Maharashtra", "city": "Bhiwandi", "tier": "Tier-II", "population": "707035"}}, {"model": "api.location", "pk": 43, "fields": {"country": "India", "state": "Maharashtra", "city": "Solapur", "tier": "Tier-II", "population": "997281"}}, {"model": "api.location", "pk": 44, "fields": {"country": "India", "state": "Maharashtra", "city": "Kolhapur", "tier": "Tier-II", "population": "516142"}}, {"model": "api.location", "pk": 45, "fields": {"country": "India", "state": "Odisha", "city": "Cuttack", "tier": "Tier-II", "population": "580000"}}, {"model": "api.location", "pk": 46, "fields": {"country": "India", "state": "Odisha", "city": "Bhubaneshwar", "tier": "Tier-II", "population": "762243"}}, {"model": "api.location", "pk": 47, "fields": {"country": "India", "state": "Punjab", "city": "Amritsar", "tier": "Tier-II", "population": "1092450"}}, {"model": "api.location", "pk": 48, "fields": {"country": "India", "state": "Punjab", "city": "Jalandhar", "tier": "Tier-II", "population": "785178"}}, {"model": "api.location", "pk": 49, "fields": {"country": "India", "state": "Punjab", "city": "Ludhiana", "tier": "Tier-II", "population": "1545368"}}, {"model": "api.location", "pk": 50, "fields": {"country": "India", "state": "Rajasthan", "city": "Bikaner", "tier": "Tier-II", "population": "576015"}}, {"model": "api.location", "pk": 51, "fields": {"country": "India", "state": "Rajasthan", "city": "Jaipur", "tier": "Tier-II", "population": "2711758"}}, {"model": "api.location", "pk": 52, "fields": {"country": "India", "state": "Rajasthan", "city": "Jodhpur", "tier": "Tier-II", "population": "921476"}}, {"model": "api.location", "pk": 53, "fields": {"country": "India", "state": "Rajasthan", "city": "Kota", "tier": "Tier-II", "population": "763088"}}, {"model": "api.location", "pk": 54, "fields": {"country": "India", "state": "Tamil Nadu", "city": "Salem", "tier": "Tier-II", "population": "778396"}}, {"model": "api.location", "pk": 55, "fields": {"country": "India", "state": "Tamil Nadu", "city": "Tiruppur", "tier": "Tier-II", "population": "397521"}}, {"model": "api.location", "pk": 56, "fields": {"country": "India", "state": "Tamil Nadu", "city": "Coimbatore", "tier": "Tier-II", "population": "959823"}}, {"model": "api.location", "pk": 57, "fields": {"country": "India", "state": "Tamil Nadu", "city": "Tiruchirappalli", "tier": "Tier-II", "population": "775484"}}, {"model": "api.location", "pk": 58, "fields": {"country": "India", "state": "Tamil Nadu", "city": "Madurai", "tier": "Tier-II", "population": "909908"}}, {"model": "api.location", "pk": 59, "fields": {"country": "India", "state": "Telangana", "city": "Warangal", "tier": "Tier-II", "population": "557802"}}, {"model": "api.location", "pk": 60, "fields": {"country": "India", "state": "Uttar Pradesh", "city": "Moradabad", "tier": "Tier-II", "population": "721139"}}, {"model": "api.location", "pk": 61, "fields": {"country": "India", "state": "Uttar Pradesh", "city": "Meerut", "tier": "Tier-II", "population": "1223184"}}, {"model": "api.location", "pk": 62, "fields": {"country": "India", "state": "Uttar Pradesh", "city": "Ghaziabad", "tier": "Tier-II", "population": "1199191"}}, {"model": "api.location", "pk": 63, "fields": {"country": "India", "state": "Uttar Pradesh", "city": "Aligarh", "tier": "Tier-II", "population": "753207"}}, {"model": "api.location", "pk": 64, "fields": {"country": "India", "state": "Uttar Pradesh", "city": "Agra", "tier": "Tier-II", "population": "1430055"}}, {"model": "api.location", "pk": 65, "fields": {"country": "India", "state": "Uttar Pradesh", "city": "Bareilly", "tier": "Tier-II", "population": "745435"}}, {"model": "api.location", "pk": 66, "fields": {"country": "India", "state": "Uttar Pradesh", "city": "Lucknow", "tier": "Tier-II", "population": "2472011"}}, {"model": "api.location", "pk": 67, "fields": {"country": "India", "state": "Uttar Pradesh", "city": "Kanpur", "tier": "Tier-II", "population": "2823249"}}, {"model": "api.location", "pk": 68, "fields": {"country": "India", "state": "Uttar Pradesh", "city": "Allahabad", "tier": "Tier-II", "population": "1073438"}}, {"model": "api.location", "pk": 69, "fields": {"country": "India", "state": "Uttar Pradesh", "city": "Gorakhpur", "tier": "Tier-II", "population": "1324570"}}, {"model": "api.location", "pk": 70, "fields": {"country": "India", "state": "Uttar Pradesh", "city": "Varanasi", "tier": "Tier-II", "population": "1164404"}}, {"model": "api.location", "pk": 71, "fields": {"country": "India", "state": "Uttarakhand", "city": "Dehra Dun", "tier": "Tier-II", "population": "522081"}}, {"model": "api.location", "pk": 72, "fields": {"country": "India", "state": "West Bengal", "city": "Asansol", "tier": "Tier-II", "population": "504271"}}, {"model": "api.brandsafety", "pk": 1, "fields": {"value": "70", "label": "70%"}}, {"model": "api.brandsafety", "pk": 2, "fields": {"value": "75", "label": "75%"}}, {"model": "api.brandsafety", "pk": 3, "fields": {"value": "80", "label": "80%"}}, {"model": "api.brandsafety", "pk": 4, "fields": {"value": "85", "label": "85%"}}, {"model": "api.brandsafety", "pk": 5, "fields": {"value": "90", "label": "90%"}}, {"model": "api.brandsafety", "pk": 6, "fields": {"value": "95", "label": "95%"}}, {"model": "api.brandsafety", "pk": 7, "fields": {"value": "99", "label": "99%"}}, {"model": "api.buytype", "pk": 1, "fields": {"value": "CPM", "label": "Viewable Impression"}}, {"model": "api.buytype", "pk": 2, "fields": {"value": "CPV", "label": "Video View"}}, {"model": "api.buytype", "pk": 3, "fields": {"value": "CPC", "label": "Click(CPC)"}}, {"model": "api.viewability", "pk": 1, "fields": {"value": "40", "label": "40%"}}, {"model": "api.viewability", "pk": 2, "fields": {"value": "50", "label": "50%"}}, {"model": "api.viewability", "pk": 3, "fields": {"value": "60", "label": "60%"}}, {"model": "api.viewability", "pk": 4, "fields": {"value": "70", "label": "70%"}}, {"model": "api.viewability", "pk": 5, "fields": {"value": "80", "label": "80%"}}, {"model": "api.viewability", "pk": 6, "fields": {"value": "90", "label": "90+%"}}, {"model": "api.deviceprice", "pk": 1, "fields": {"price": "<10k", "label": "<10k"}}, {"model": "api.deviceprice", "pk": 2, "fields": {"price": "10K-30K", "label": "10K-30K"}}, {"model": "api.deviceprice", "pk": 3, "fields": {"price": "31K-50K", "label": "31K-50K"}}, {"model": "api.deviceprice", "pk": 4, "fields": {"price": "51K-90K", "label": "51K-90K"}}, {"model": "api.deviceprice", "pk": 5, "fields": {"price": ">90K", "label": ">90K"}}, {"model": "api.device", "pk": 1, "fields": {"device": "Mobile", "label": "Mobile"}}, {"model": "api.device", "pk": 2, "fields": {"device": "Tablet", "label": "Tablet"}}, {"model": "api.device", "pk": 3, "fields": {"device": "Desktop", "label": "Desktop"}}, {"model": "api.distinctinterest", "pk": 1, "fields": {"interest": "Affinity Audiences", "label": "Affinity Audiences"}}, {"model": "api.distinctinterest", "pk": 4, "fields": {"interest": "In-Market Audiences", "label": "In-Market Audiences"}}, {"model": "api.age", "pk": 1, "fields": {"age": "25-34", "label": "25-34"}}, {"model": "api.age", "pk": 2, "fields": {"age": "35-44", "label": "35-44"}}, {"model": "api.age", "pk": 3, "fields": {"age": "45-54", "label": "45-54"}}, {"model": "api.age", "pk": 4, "fields": {"age": "55-64", "label": "55-64"}}, {"model": "api.carrierdata", "pk": 1, "fields": {"carrier": "JIO", "label": "JIO"}}, {"model": "api.carrierdata", "pk": 2, "fields": {"carrier": "Airtel", "label": "Airtel"}}, {"model": "api.carrierdata", "pk": 3, "fields": {"carrier": "VI", "label": "VI"}}, {"model": "api.carrierdata", "pk": 4, "fields": {"carrier": "BSNL", "label": "BSNL"}}, {"model": "api.environment", "pk": 1, "fields": {"env": "App", "label": "App"}}, {"model": "api.environment", "pk": 2, "fields": {"env": "Web", "label": "Web"}}, {"model": "api.exchange", "pk": 1, "fields": {"exchange": "InMobi", "label": "InMobi"}}, {"model": "api.exchange", "pk": 2, "fields": {"exchange": "OpenX", "label": "OpenX"}}, {"model": "api.exchange", "pk": 3, "fields": {"exchange": "ImproveDigital", "label": "ImproveDigital"}}, {"model": "api.exchange", "pk": 4, "fields": {"exchange": "Pubmatic", "label": "Pubmatic"}}, {"model": "api.exchange", "pk": 5, "fields": {"exchange": "Xandr", "label": "Xandr"}}, {"model": "api.exchange", "pk": 6, "fields": {"exchange": "M|SSP", "label": "M|SSP\""}}, {"model": "api.exchange", "pk": 7, "fields": {"exchange": "GoogleAdx", "label": "GoogleAdx"}}, {"model": "api.exchange", "pk": 8, "fields": {"exchange": "Magnite", "label": "Magnite"}}, {"model": "api.exchange", "pk": 9, "fields": {"exchange": "Triplelift", "label": "Triplelift"}}, {"model": "api.exchange", "pk": 10, "fields": {"exchange": "Smaato", "label": "Smaato"}}, {"model": "api.exchange", "pk": 11, "fields": {"exchange": "Equativ", "label": "Equativ"}}, {"model": "api.exchange", "pk": 12, "fields": {"exchange": "Medialink-X", "label": "Medialink-X"}}, {"model": "api.exchange", "pk": 13, "fields": {"exchange": "Index Exchange", "label": "Index Exchange"}}, {"model": "api.exchange", "pk": 14, "fields": {"exchange": "Axonix", "label": "Axonix"}}, {"model": "api.exchange", "pk": 15, "fields": {"exchange": "ADS", "label": "ADS"}}, {"model": "api.language", "pk": 1, "fields": {"language": "English", "iso_code": "hi", "label": "English"}}, {"model": "api.language", "pk": 2, "fields": {"language": "Hindi", "iso_code": "hi", "label": "Hindi"}}, {"model": "api.language", "pk": 3, "fields": {"language": "Bengali", "iso_code": "bn", "label": "Bengali"}}, {"model": "api.language", "pk": 4, "fields": {"language": "Telugu", "iso_code": "te", "label": "Telugu"}}, {"model": "api.language", "pk": 5, "fields": {"language": "Marathi", "iso_code": "mr", "label": "Marathi"}}, {"model": "api.language", "pk": 6, "fields": {"language": "Tamil", "iso_code": "ta", "label": "Tamil"}}, {"model": "api.impression", "pk": 1, "fields": {"impression": {"message": "Data succcessfully fetched", "data": {"totalPopulation": 112651331, "age": [{"label": "25-34", "percentage": 35.6}, {"label": "35-44", "percentage": 24}, {"label": "45-54", "percentage": 11.3}, {"label": "55-64", "percentage": 6}], "environment": [{"label": "app", "percentage": 30}, {"label": "web", "percentage": 70}], "carrier": [{"label": "Jio", "percentage": 50.61}, {"label": "Airtel", "percentage": 30.2}, {"label": "Vi", "percentage": 13.28}, {"label": "BSNL", "percentage": 3.99}]}, "success": true}, "label": ""}}, {"model": "api.usertype", "pk": 1, "fields": {"user": 1, "user_type_pm": true, "created_at": "2025-01-16T19:55:33.909Z"}}, {"model": "api.usertype", "pk": 2, "fields": {"user": 2, "user_type_pm": false, "created_at": "2025-01-16T19:58:03.513Z"}}, {"model": "api.usertype", "pk": 3, "fields": {"user": 3, "user_type_pm": true, "created_at": "2025-02-01T14:45:57.311Z"}}, {"model": "api.campaign", "pk": 1, "fields": {"user": 1, "objective": null, "name": "Qwerty2", "age": ["25-30"], "day_part": null, "device": ["Mobile", "Desktop"], "environment": ["Web", "App"], "exchange": ["GoogleAds", "OpenX"], "created_at": "2025-01-16T20:04:42.613Z", "updated_at": "2025-01-16T20:04:42.613Z", "language": ["Hindi", "English"], "carrier": ["Jio", "Airtel"], "device_price": ["Jio", "Airtel"], "total_budget": null, "landing_page": null, "reports_url": null, "start_time": "11:11", "end_time": "22:02", "status": null, "viewability": 0, "brand_safety": 0, "impressions": 0, "clicks": 0, "ctr": "0.00", "views": 0, "vtr": "0.00", "buy_type": null, "unit_rate": null, "tag_tracker": [], "proximity_store": [], "proximity": [], "weather": [], "location": [], "target_type": [], "images": [1], "video": [], "keywords": []}}, {"model": "api.campaign", "pk": 2, "fields": {"user": 1, "objective": null, "name": "Qwerty2", "age": ["25-30"], "day_part": null, "device": ["Mobile", "Desktop"], "environment": ["Web", "App"], "exchange": ["GoogleAds", "OpenX"], "created_at": "2025-01-16T20:13:00.633Z", "updated_at": "2025-01-16T20:13:00.633Z", "language": ["Hindi", "English"], "carrier": ["Jio", "Airtel"], "device_price": ["Jio", "Airtel"], "total_budget": null, "landing_page": null, "reports_url": null, "start_time": "11:11", "end_time": "22:02", "status": null, "viewability": 0, "brand_safety": 0, "impressions": 0, "clicks": 0, "ctr": "0.00", "views": 0, "vtr": "0.00", "buy_type": null, "unit_rate": null, "tag_tracker": [], "proximity_store": [1], "proximity": [1], "weather": [1], "location": [], "target_type": [], "images": [1], "video": [], "keywords": [1, 2]}}, {"model": "api.campaign", "pk": 3, "fields": {"user": 1, "objective": null, "name": "Abhishek", "age": ["18-25"], "day_part": null, "device": ["Mobile"], "environment": ["Web"], "exchange": ["GoogleAds"], "created_at": "2025-01-18T19:20:35.471Z", "updated_at": "2025-01-18T19:20:35.471Z", "language": ["English"], "carrier": ["Airtel"], "device_price": ["Low"], "total_budget": null, "landing_page": null, "reports_url": null, "start_time": "00:00", "end_time": "00:49", "status": null, "viewability": 0, "brand_safety": 0, "impressions": 0, "clicks": 0, "ctr": "0.00", "views": 0, "vtr": "0.00", "buy_type": null, "unit_rate": null, "tag_tracker": [], "proximity_store": [], "proximity": [], "weather": [], "location": [], "target_type": [], "images": [], "video": [], "keywords": []}}, {"model": "api.campaign", "pk": 4, "fields": {"user": 1, "objective": null, "name": "Qwerty2", "age": ["25-30"], "day_part": null, "device": ["Mobile", "Desktop"], "environment": ["Web", "App"], "exchange": ["GoogleAds", "OpenX"], "created_at": "2025-01-20T06:16:30.420Z", "updated_at": "2025-01-20T06:16:30.420Z", "language": ["Hindi", "English"], "carrier": ["Jio", "Airtel"], "device_price": ["Jio", "Airtel"], "total_budget": null, "landing_page": null, "reports_url": null, "start_time": "11:11", "end_time": "22:02", "status": null, "viewability": 0, "brand_safety": 0, "impressions": 0, "clicks": 0, "ctr": "0.00", "views": 0, "vtr": "0.00", "buy_type": null, "unit_rate": null, "tag_tracker": [], "proximity_store": [1], "proximity": [2], "weather": [1], "location": [], "target_type": [], "images": [1], "video": [], "keywords": [1]}}, {"model": "api.campaign", "pk": 5, "fields": {"user": 1, "objective": null, "name": "Qwerty2", "age": ["25-30"], "day_part": null, "device": ["Mobile", "Desktop"], "environment": ["Web", "App"], "exchange": ["GoogleAds", "OpenX"], "created_at": "2025-01-20T06:17:13.157Z", "updated_at": "2025-01-20T06:17:13.157Z", "language": ["Hindi", "English"], "carrier": ["Jio", "Airtel"], "device_price": ["Jio", "Airtel"], "total_budget": null, "landing_page": null, "reports_url": null, "start_time": "11:11", "end_time": "22:02", "status": null, "viewability": 0, "brand_safety": 0, "impressions": 0, "clicks": 0, "ctr": "0.00", "views": 0, "vtr": "0.00", "buy_type": null, "unit_rate": null, "tag_tracker": [], "proximity_store": [1], "proximity": [2], "weather": [1], "location": [], "target_type": [], "images": [1], "video": [], "keywords": [1]}}, {"model": "api.campaign", "pk": 6, "fields": {"user": 1, "objective": null, "name": "Qwerty2", "age": ["25-30"], "day_part": null, "device": ["Mobile", "Desktop"], "environment": ["Web", "App"], "exchange": ["GoogleAds", "OpenX"], "created_at": "2025-01-20T06:17:14.107Z", "updated_at": "2025-01-20T06:17:14.107Z", "language": ["Hindi", "English"], "carrier": ["Jio", "Airtel"], "device_price": ["Jio", "Airtel"], "total_budget": null, "landing_page": null, "reports_url": null, "start_time": "11:11", "end_time": "22:02", "status": null, "viewability": 0, "brand_safety": 0, "impressions": 0, "clicks": 0, "ctr": "0.00", "views": 0, "vtr": "0.00", "buy_type": null, "unit_rate": null, "tag_tracker": [], "proximity_store": [1], "proximity": [2], "weather": [1], "location": [], "target_type": [], "images": [1], "video": [], "keywords": [1]}}, {"model": "api.campaign", "pk": 7, "fields": {"user": 2, "objective": null, "name": "Qwerty2", "age": ["25-30"], "day_part": null, "device": ["Mobile", "Desktop"], "environment": ["Web", "App"], "exchange": ["GoogleAds", "OpenX"], "created_at": "2025-01-20T06:17:21.609Z", "updated_at": "2025-01-22T06:40:17.953Z", "language": ["Hindi", "English"], "carrier": ["Jio", "Airtel"], "device_price": ["Jio", "Airtel"], "total_budget": null, "landing_page": null, "reports_url": null, "start_time": "11:11", "end_time": "22:02", "status": null, "viewability": 0, "brand_safety": 0, "impressions": 0, "clicks": 0, "ctr": "0.00", "views": 0, "vtr": "0.00", "buy_type": null, "unit_rate": null, "tag_tracker": [], "proximity_store": [1], "proximity": [2], "weather": [1], "location": [], "target_type": [], "images": [1], "video": [], "keywords": [1]}}, {"model": "api.campaign", "pk": 8, "fields": {"user": 2, "objective": "Banner", "name": "Campaign", "age": ["25-34"], "day_part": null, "device": ["Mobile", "Tablet"], "environment": ["Web"], "exchange": ["InMobi"], "created_at": "2025-02-01T09:44:46.074Z", "updated_at": "2025-02-01T09:44:46.074Z", "language": ["Hindi"], "carrier": ["JIO"], "device_price": ["<10k", "10k-30k"], "total_budget": "1000.00", "landing_page": "", "reports_url": null, "start_time": "2025-02-01", "end_time": "2025-02-17", "status": "Created", "viewability": 40, "brand_safety": 70, "impressions": 0, "clicks": 0, "ctr": "0.00", "views": 0, "vtr": "0.00", "buy_type": "CPM", "unit_rate": "10.00", "tag_tracker": [], "proximity_store": [], "proximity": [], "weather": [], "location": [1, 2], "target_type": [], "images": [2], "video": [], "keywords": []}}, {"model": "api.campaign", "pk": 9, "fields": {"user": 2, "objective": "Banner", "name": "Campaign 2", "age": ["25-34", "35-44"], "day_part": null, "device": ["Mobile", "Tablet"], "environment": ["App", "Web"], "exchange": ["InMobi", "OpenX"], "created_at": "2025-02-01T09:47:37.342Z", "updated_at": "2025-02-01T09:47:37.342Z", "language": ["English", "Hindi"], "carrier": ["Airtel", "JIO"], "device_price": ["<10k", "10k-30k"], "total_budget": "1000.00", "landing_page": "landing page", "reports_url": null, "start_time": "2025-02-04", "end_time": "2025-02-11", "status": "Created", "viewability": 40, "brand_safety": 75, "impressions": 0, "clicks": 0, "ctr": "0.00", "views": 0, "vtr": "0.00", "buy_type": "CPM", "unit_rate": "1.00", "tag_tracker": [], "proximity_store": [], "proximity": [], "weather": [], "location": [1, 2], "target_type": [], "images": [3], "video": [], "keywords": [4]}}, {"model": "api.campaign", "pk": 10, "fields": {"user": 2, "objective": "Banner", "name": "Campaign  Video", "age": ["25-34", "35-44"], "day_part": null, "device": ["Mobile", "Tablet"], "environment": ["Web"], "exchange": ["InMobi", "OpenX"], "created_at": "2025-02-01T10:08:44.225Z", "updated_at": "2025-02-01T10:08:44.225Z", "language": ["Hindi", "English"], "carrier": ["Airtel"], "device_price": ["<10k", "31k-50k"], "total_budget": "1000.00", "landing_page": "www.landingpage.com", "reports_url": null, "start_time": "2025-02-02", "end_time": "2025-02-18", "status": "Created", "viewability": 40, "brand_safety": 70, "impressions": 0, "clicks": 0, "ctr": "0.00", "views": 0, "vtr": "0.00", "buy_type": "CPM", "unit_rate": "10.00", "tag_tracker": [], "proximity_store": [], "proximity": [], "weather": [], "location": [1, 2], "target_type": [], "images": [], "video": [1], "keywords": []}}, {"model": "api.campaign", "pk": 11, "fields": {"user": 2, "objective": "Banner", "name": "Campaign 7", "age": ["25-34", "35-44"], "day_part": null, "device": ["Mobile", "Tablet"], "environment": ["App"], "exchange": ["InMobi", "OpenX"], "created_at": "2025-02-01T11:05:03.643Z", "updated_at": "2025-02-01T11:05:03.644Z", "language": ["English", "Hindi"], "carrier": ["JIO"], "device_price": ["<10k", "31k-50k"], "total_budget": "1000.00", "landing_page": "www.landingpage.com", "reports_url": null, "start_time": "2025-02-01", "end_time": "2025-02-22", "status": "Created", "viewability": 40, "brand_safety": 70, "impressions": 0, "clicks": 0, "ctr": "0.00", "views": 0, "vtr": "0.00", "buy_type": "CPM", "unit_rate": "10.00", "tag_tracker": [], "proximity_store": [], "proximity": [], "weather": [], "location": [1, 2], "target_type": [], "images": [4], "video": [], "keywords": []}}, {"model": "api.campaign", "pk": 12, "fields": {"user": 2, "objective": "Banner", "name": "Campaign 1", "age": ["35-44"], "day_part": null, "device": ["Mobile", "Tablet"], "environment": ["Web"], "exchange": ["OpenX"], "created_at": "2025-02-01T14:35:24.898Z", "updated_at": "2025-02-01T14:35:24.898Z", "language": ["Hindi", "English"], "carrier": ["JIO", "Airtel"], "device_price": ["<10k", "10K-30K"], "total_budget": "1000.00", "landing_page": "www.landingpage.com", "reports_url": null, "start_time": "2025-02-01", "end_time": "2025-02-27", "status": "Created", "viewability": 80, "brand_safety": 70, "impressions": 0, "clicks": 0, "ctr": "0.00", "views": 0, "vtr": "0.00", "buy_type": "CPM", "unit_rate": "10.00", "tag_tracker": [], "proximity_store": [], "proximity": [], "weather": [], "location": [1, 2], "target_type": [2652, 2653, 2681, 2682], "images": [6], "video": [], "keywords": []}}, {"model": "api.campaign", "pk": 13, "fields": {"user": 2, "objective": "Banner", "name": "Campaign 13", "age": ["25-34"], "day_part": null, "device": ["Mobile", "Tablet"], "environment": ["App"], "exchange": ["InMobi", "OpenX"], "created_at": "2025-02-01T14:36:14.097Z", "updated_at": "2025-02-01T14:36:14.097Z", "language": ["English", "Hindi"], "carrier": ["JIO"], "device_price": ["<10k"], "total_budget": "1000.00", "landing_page": "http://www.xyz.com", "reports_url": null, "start_time": "01-29", "end_time": "01-30", "status": "Created", "viewability": 40, "brand_safety": 70, "impressions": 0, "clicks": 0, "ctr": "0.00", "views": 0, "vtr": "0.00", "buy_type": "CPM", "unit_rate": "10.00", "tag_tracker": [], "proximity_store": [], "proximity": [], "weather": [], "location": [1, 2], "target_type": [], "images": [], "video": [], "keywords": []}}, {"model": "api.campaign", "pk": 14, "fields": {"user": 2, "objective": "Banner", "name": "Campaign 13", "age": ["25-34"], "day_part": null, "device": ["Mobile", "Tablet"], "environment": ["App"], "exchange": ["InMobi", "OpenX"], "created_at": "2025-02-01T14:37:41.308Z", "updated_at": "2025-02-01T14:37:41.308Z", "language": ["English", "Hindi"], "carrier": ["JIO"], "device_price": ["<10k"], "total_budget": "1000.00", "landing_page": "http://www.xyz.com", "reports_url": null, "start_time": "01-29", "end_time": "01-30", "status": "Created", "viewability": 40, "brand_safety": 70, "impressions": 0, "clicks": 0, "ctr": "0.00", "views": 0, "vtr": "0.00", "buy_type": "CPC", "unit_rate": "10.00", "tag_tracker": [], "proximity_store": [], "proximity": [], "weather": [], "location": [1, 2], "target_type": [], "images": [], "video": [], "keywords": []}}, {"model": "api.campaign", "pk": 15, "fields": {"user": 2, "objective": "Banner", "name": "Campaign 2", "age": ["25-34", "35-44"], "day_part": null, "device": ["Tablet", "Mobile"], "environment": ["App"], "exchange": ["InMobi", "OpenX"], "created_at": "2025-02-01T14:40:52.956Z", "updated_at": "2025-02-01T14:40:52.956Z", "language": ["English", "Hindi"], "carrier": ["Airtel"], "device_price": ["31K-50K"], "total_budget": "1000.00", "landing_page": "", "reports_url": null, "start_time": "2025-02-05", "end_time": "2025-02-13", "status": "Created", "viewability": 50, "brand_safety": 80, "impressions": 0, "clicks": 0, "ctr": "0.00", "views": 0, "vtr": "0.00", "buy_type": "CPC", "unit_rate": "10.00", "tag_tracker": [], "proximity_store": [], "proximity": [], "weather": [], "location": [1, 2], "target_type": [2680, 2681], "images": [], "video": [2], "keywords": []}}, {"model": "api.campaign", "pk": 16, "fields": {"user": 2, "objective": "Banner", "name": "Campaign 23", "age": ["25-34", "35-44"], "day_part": null, "device": ["Mobile", "Tablet"], "environment": ["App"], "exchange": ["OpenX"], "created_at": "2025-02-01T14:42:05.578Z", "updated_at": "2025-02-01T14:42:05.578Z", "language": ["Hindi"], "carrier": ["Airtel"], "device_price": ["<10k", "10K-30K"], "total_budget": "1000.00", "landing_page": "", "reports_url": null, "start_time": "2025-02-01", "end_time": "2025-02-07", "status": "Created", "viewability": 40, "brand_safety": 85, "impressions": 0, "clicks": 0, "ctr": "0.00", "views": 0, "vtr": "0.00", "buy_type": "CPV", "unit_rate": "10.00", "tag_tracker": [], "proximity_store": [], "proximity": [], "weather": [], "location": [1, 2], "target_type": [2672, 2673], "images": [8], "video": [], "keywords": []}}, {"model": "api.campaign", "pk": 17, "fields": {"user": 3, "objective": "Banner", "name": "Campaign 2", "age": ["25-34", "35-44"], "day_part": null, "device": ["Mobile", "Tablet"], "environment": ["App"], "exchange": ["InMobi", "OpenX"], "created_at": "2025-02-01T14:51:29.326Z", "updated_at": "2025-02-01T14:51:29.326Z", "language": ["English", "Hindi"], "carrier": ["BSNL"], "device_price": ["10K-30K"], "total_budget": "1000.00", "landing_page": "www.landingpage.com", "reports_url": null, "start_time": "2025-02-08", "end_time": "2025-02-22", "status": "Created", "viewability": 80, "brand_safety": 90, "impressions": 0, "clicks": 0, "ctr": "0.00", "views": 0, "vtr": "0.00", "buy_type": "CPV", "unit_rate": "10.00", "tag_tracker": [], "proximity_store": [], "proximity": [], "weather": [], "location": [1, 2], "target_type": [2653, 2654, 2681, 2682], "images": [], "video": [3], "keywords": []}}, {"model": "api.campaign", "pk": 18, "fields": {"user": 3, "objective": "Banner", "name": "Campaign 23", "age": ["25-34"], "day_part": null, "device": ["Mobile", "Tablet"], "environment": ["App", "Web"], "exchange": ["InMobi"], "created_at": "2025-02-01T18:11:17.824Z", "updated_at": "2025-02-01T18:11:17.824Z", "language": ["Hindi"], "carrier": ["Airtel"], "device_price": ["31K-50K"], "total_budget": "1000.00", "landing_page": "", "reports_url": null, "start_time": "2025-02-01", "end_time": "2025-02-02", "status": "Created", "viewability": 80, "brand_safety": 80, "impressions": 0, "clicks": 0, "ctr": "0.00", "views": 0, "vtr": "0.00", "buy_type": "CPM", "unit_rate": "10.00", "tag_tracker": [], "proximity_store": [], "proximity": [], "weather": [], "location": [2], "target_type": [2652, 2653], "images": [13], "video": [], "keywords": []}}, {"model": "api.campaign", "pk": 19, "fields": {"user": 3, "objective": "Banner", "name": "Campaign", "age": ["35-44"], "day_part": null, "device": ["Mobile", "Tablet"], "environment": ["Web"], "exchange": ["InMobi"], "created_at": "2025-02-01T18:13:02.808Z", "updated_at": "2025-02-01T18:13:02.808Z", "language": ["English"], "carrier": ["JIO"], "device_price": ["10K-30K"], "total_budget": "1000.00", "landing_page": "", "reports_url": null, "start_time": "2025-02-01", "end_time": "2025-02-05", "status": "Created", "viewability": 80, "brand_safety": 90, "impressions": 0, "clicks": 0, "ctr": "0.00", "views": 0, "vtr": "0.00", "buy_type": "CPM", "unit_rate": "10.00", "tag_tracker": [], "proximity_store": [], "proximity": [], "weather": [], "location": [2], "target_type": [2652, 2653], "images": [], "video": [4], "keywords": []}}, {"model": "api.campaign", "pk": 20, "fields": {"user": 3, "objective": "Banner", "name": "Campaign V", "age": ["35-44"], "day_part": null, "device": ["Mobile", "Tablet"], "environment": ["App"], "exchange": ["InMobi", "OpenX"], "created_at": "2025-02-01T19:02:27.555Z", "updated_at": "2025-02-01T19:02:27.555Z", "language": ["Hindi"], "carrier": ["JIO", "Airtel"], "device_price": ["10K-30K", "31K-50K"], "total_budget": "1000.00", "landing_page": "", "reports_url": null, "start_time": "2025-02-03", "end_time": "2025-02-11", "status": "Created", "viewability": 50, "brand_safety": 80, "impressions": 0, "clicks": 0, "ctr": "0.00", "views": 0, "vtr": "0.00", "buy_type": "CPM", "unit_rate": "10.00", "tag_tracker": [], "proximity_store": [], "proximity": [], "weather": [], "location": [2, 3], "target_type": [2652, 2653], "images": [], "video": [5], "keywords": []}}, {"model": "api.campaign", "pk": 21, "fields": {"user": 2, "objective": "Video", "name": "Video Camp", "age": ["25-34", "35-44"], "day_part": null, "device": ["Tablet", "Mobile"], "environment": ["Web"], "exchange": ["OpenX", "ImproveDigital"], "created_at": "2025-02-01T19:28:30.007Z", "updated_at": "2025-02-01T19:28:30.007Z", "language": ["Hindi", "English"], "carrier": ["Airtel"], "device_price": ["10K-30K", "31K-50K"], "total_budget": "1000.00", "landing_page": "www.landingpage.com", "reports_url": null, "start_time": "2025-02-04", "end_time": "2025-02-19", "status": "Created", "viewability": 40, "brand_safety": 90, "impressions": 0, "clicks": 0, "ctr": "0.00", "views": 0, "vtr": "0.00", "buy_type": "CPV", "unit_rate": "10.00", "tag_tracker": [], "proximity_store": [], "proximity": [], "weather": [], "location": [1, 2], "target_type": [2654], "images": [], "video": [8], "keywords": []}}, {"model": "api.campaign", "pk": 22, "fields": {"user": 2, "objective": "Banner", "name": "Campaign 23", "age": ["35-44"], "day_part": null, "device": ["Mobile", "Tablet"], "environment": ["Web"], "exchange": ["InMobi"], "created_at": "2025-02-02T07:49:34.846Z", "updated_at": "2025-02-02T07:49:34.846Z", "language": ["English"], "carrier": ["JIO"], "device_price": ["10K-30K", "31K-50K"], "total_budget": "1000.00", "landing_page": "www.landingpage.com", "reports_url": null, "start_time": "2025-02-05", "end_time": "2025-02-26", "status": "Created", "viewability": 50, "brand_safety": 85, "impressions": 0, "clicks": 0, "ctr": "0.00", "views": 0, "vtr": "0.00", "buy_type": "CPM", "unit_rate": "10.00", "tag_tracker": [], "proximity_store": [], "proximity": [], "weather": [], "location": [1, 2], "target_type": [2665, 2667, 2669, 2679, 2680, 2681], "images": [16], "video": [], "keywords": []}}, {"model": "api.campaign", "pk": 23, "fields": {"user": 2, "objective": "Banner", "name": "Campaign 2", "age": ["25-34", "35-44"], "day_part": null, "device": ["Tablet", "Mobile"], "environment": ["App"], "exchange": ["InMobi", "OpenX"], "created_at": "2025-02-02T08:51:52.663Z", "updated_at": "2025-02-02T08:51:52.663Z", "language": ["English", "Hindi"], "carrier": ["Airtel"], "device_price": ["31K-50K"], "total_budget": "1000.00", "landing_page": "", "reports_url": null, "start_time": "2025-02-05", "end_time": "2025-02-13", "status": "Created", "viewability": 50, "brand_safety": 80, "impressions": 0, "clicks": 0, "ctr": "0.00", "views": 0, "vtr": "0.00", "buy_type": "CPV", "unit_rate": "10.00", "tag_tracker": [1], "proximity_store": [], "proximity": [], "weather": [], "location": [1, 2], "target_type": [2680, 2681], "images": [], "video": [2], "keywords": []}}, {"model": "api.campaign", "pk": 24, "fields": {"user": 3, "objective": "Banner", "name": "Campaign Tag", "age": ["25-34", "35-44"], "day_part": null, "device": ["Tablet", "Desktop"], "environment": ["Web"], "exchange": ["OpenX", "ImproveDigital"], "created_at": "2025-02-02T10:52:24.555Z", "updated_at": "2025-02-02T10:52:24.555Z", "language": ["Hindi", "Bengali"], "carrier": ["JIO", "Airtel"], "device_price": ["10K-30K", "31K-50K"], "total_budget": "1000.00", "landing_page": "", "reports_url": null, "start_time": "2025-02-04", "end_time": "2025-02-20", "status": "Created", "viewability": 40, "brand_safety": 90, "impressions": 0, "clicks": 0, "ctr": "0.00", "views": 0, "vtr": "0.00", "buy_type": "CPM", "unit_rate": "100.00", "tag_tracker": [3], "proximity_store": [], "proximity": [], "weather": [], "location": [1, 2], "target_type": [2652, 2653, 2655], "images": [17], "video": [], "keywords": []}}, {"model": "api.campaign", "pk": 25, "fields": {"user": 2, "objective": "Banner", "name": "Campaign R", "age": ["25-34", "35-44"], "day_part": null, "device": ["Mobile"], "environment": ["Web"], "exchange": ["ImproveDigital"], "created_at": "2025-02-02T14:09:39.274Z", "updated_at": "2025-02-02T14:09:39.274Z", "language": ["English"], "carrier": ["Airtel"], "device_price": ["10K-30K"], "total_budget": "1000.00", "landing_page": "www.landingpage.com", "reports_url": null, "start_time": "2025-02-10", "end_time": "2025-02-11", "status": "Created", "viewability": 50, "brand_safety": 80, "impressions": 0, "clicks": 0, "ctr": "0.00", "views": 0, "vtr": "0.00", "buy_type": "CPM", "unit_rate": "10.00", "tag_tracker": [4], "proximity_store": [], "proximity": [], "weather": [], "location": [2, 3], "target_type": [2654, 2655, 2671, 2672], "images": [18], "video": [], "keywords": []}}, {"model": "api.campaign", "pk": 26, "fields": {"user": 2, "objective": "Banner", "name": "Campaign R", "age": ["25-34", "35-44"], "day_part": null, "device": ["Mobile"], "environment": ["Web"], "exchange": ["ImproveDigital"], "created_at": "2025-02-03T06:49:43.257Z", "updated_at": "2025-02-03T06:49:43.257Z", "language": ["English"], "carrier": ["Airtel"], "device_price": ["10K-30K"], "total_budget": "1000.00", "landing_page": "www.landingpage.co", "reports_url": null, "start_time": "2025-02-10", "end_time": "2025-02-11", "status": "Created", "viewability": 50, "brand_safety": 80, "impressions": 0, "clicks": 0, "ctr": "0.00", "views": 0, "vtr": "0.00", "buy_type": "CPM", "unit_rate": "10.00", "tag_tracker": [4], "proximity_store": [], "proximity": [], "weather": [], "location": [2, 3], "target_type": [2654, 2655, 2671, 2672], "images": [18], "video": [], "keywords": []}}, {"model": "api.campaign", "pk": 27, "fields": {"user": 2, "objective": "Banner", "name": "Campaign 23", "age": ["35-44"], "day_part": null, "device": ["Mobile"], "environment": ["App"], "exchange": ["OpenX"], "created_at": "2025-02-03T07:54:19.719Z", "updated_at": "2025-02-03T07:54:19.719Z", "language": ["English"], "carrier": ["JIO"], "device_price": ["10K-30K"], "total_budget": "1000.00", "landing_page": "www.landingpage.com", "reports_url": null, "start_time": "2025-02-03", "end_time": "2025-02-20", "status": "Created", "viewability": 40, "brand_safety": 70, "impressions": 0, "clicks": 0, "ctr": "0.00", "views": 0, "vtr": "0.00", "buy_type": "CPM", "unit_rate": "10.00", "tag_tracker": [5], "proximity_store": [], "proximity": [], "weather": [], "location": [1, 2, 4], "target_type": [2672, 2673], "images": [19], "video": [], "keywords": []}}, {"model": "api.campaign", "pk": 28, "fields": {"user": 2, "objective": "Banner", "name": "Campaign 23", "age": ["35-44"], "day_part": null, "device": ["Mobile"], "environment": ["App"], "exchange": ["OpenX"], "created_at": "2025-02-03T07:54:50.530Z", "updated_at": "2025-02-03T07:54:50.530Z", "language": ["English"], "carrier": ["JIO"], "device_price": ["10K-30K"], "total_budget": "1000.00", "landing_page": "www.landingpage.com", "reports_url": null, "start_time": "2025-02-03", "end_time": "2025-02-20", "status": "Created", "viewability": 40, "brand_safety": 70, "impressions": 0, "clicks": 0, "ctr": "0.00", "views": 0, "vtr": "0.00", "buy_type": "CPM", "unit_rate": "10.00", "tag_tracker": [5], "proximity_store": [], "proximity": [], "weather": [], "location": [1, 2, 4], "target_type": [2652, 2653, 2672, 2673], "images": [19], "video": [], "keywords": []}}, {"model": "api.campaign", "pk": 29, "fields": {"user": 2, "objective": "Video", "name": "Campaign Edit", "age": ["35-44"], "day_part": null, "device": ["Mobile"], "environment": ["App"], "exchange": ["OpenX"], "created_at": "2025-02-03T11:13:49.651Z", "updated_at": "2025-02-03T11:13:49.651Z", "language": ["English"], "carrier": ["JIO"], "device_price": ["10K-30K"], "total_budget": "1000.00", "landing_page": "www.landingpage.com", "reports_url": null, "start_time": "2025-02-03", "end_time": "2025-02-20", "status": "Created", "viewability": 40, "brand_safety": 70, "impressions": 0, "clicks": 0, "ctr": "0.00", "views": 0, "vtr": "0.00", "buy_type": "CPM", "unit_rate": "10.00", "tag_tracker": [5], "proximity_store": [], "proximity": [], "weather": [], "location": [1, 2, 4], "target_type": [2652, 2653, 2672, 2673], "images": [19], "video": [9], "keywords": []}}, {"model": "api.campaign", "pk": 30, "fields": {"user": 2, "objective": "Banner", "name": "Campaign New", "age": ["25-34", "35-44"], "day_part": null, "device": ["Mobile", "Tablet"], "environment": ["App"], "exchange": ["OpenX", "ImproveDigital"], "created_at": "2025-02-03T11:16:56.452Z", "updated_at": "2025-02-03T11:16:56.452Z", "language": ["English", "Hindi"], "carrier": ["JIO", "Airtel"], "device_price": ["<10k", "10K-30K"], "total_budget": "1000.00", "landing_page": "www.landingpage.com", "reports_url": null, "start_time": "2025-02-03", "end_time": "2025-02-11", "status": "Created", "viewability": 50, "brand_safety": 90, "impressions": 0, "clicks": 0, "ctr": "0.00", "views": 0, "vtr": "0.00", "buy_type": "CPM", "unit_rate": "10.00", "tag_tracker": [6], "proximity_store": [], "proximity": [], "weather": [], "location": [1, 2], "target_type": [2672, 2673], "images": [20], "video": [], "keywords": []}}, {"model": "api.campaign", "pk": 31, "fields": {"user": 2, "objective": "Banner", "name": "Campaign New", "age": ["25-34", "35-44"], "day_part": null, "device": ["Mobile", "Tablet"], "environment": ["App"], "exchange": ["OpenX", "ImproveDigital"], "created_at": "2025-02-03T11:34:35.912Z", "updated_at": "2025-02-03T11:34:35.912Z", "language": ["English", "Hindi"], "carrier": ["JIO", "Airtel"], "device_price": ["<10k", "10K-30K"], "total_budget": "1000.00", "landing_page": "www.landingpage.com", "reports_url": null, "start_time": "2025-02-03", "end_time": "2025-02-11", "status": "Created", "viewability": 50, "brand_safety": 90, "impressions": 0, "clicks": 0, "ctr": "0.00", "views": 0, "vtr": "0.00", "buy_type": "CPM", "unit_rate": "10.00", "tag_tracker": [6], "proximity_store": [], "proximity": [], "weather": [], "location": [1, 2], "target_type": [2652, 2653, 2672, 2673], "images": [20], "video": [], "keywords": []}}, {"model": "api.campaign", "pk": 32, "fields": {"user": 2, "objective": "Banner", "name": "Campaign New", "age": ["25-34", "35-44"], "day_part": null, "device": ["Mobile", "Tablet"], "environment": ["App"], "exchange": ["OpenX", "ImproveDigital"], "created_at": "2025-02-03T17:45:30.781Z", "updated_at": "2025-02-03T17:45:30.781Z", "language": ["English", "Hindi"], "carrier": ["JIO", "Airtel"], "device_price": ["<10k", "10K-30K"], "total_budget": "1000.00", "landing_page": "www.landingpage.com", "reports_url": null, "start_time": "2025-02-03", "end_time": "2025-02-11", "status": "Created", "viewability": 50, "brand_safety": 90, "impressions": 0, "clicks": 0, "ctr": "0.00", "views": 0, "vtr": "0.00", "buy_type": "CPM", "unit_rate": "10.00", "tag_tracker": [6], "proximity_store": [], "proximity": [], "weather": [], "location": [1, 2, 3], "target_type": [2652, 2653, 2672, 2673], "images": [20], "video": [], "keywords": []}}, {"model": "api.campaign", "pk": 33, "fields": {"user": 2, "objective": "Banner", "name": "Campaign New", "age": ["25-34", "35-44"], "day_part": null, "device": ["Mobile", "Tablet"], "environment": ["App"], "exchange": ["OpenX", "ImproveDigital"], "created_at": "2025-02-03T18:13:12.782Z", "updated_at": "2025-02-03T18:13:12.783Z", "language": ["English", "Hindi"], "carrier": ["JIO", "Airtel"], "device_price": ["<10k", "10K-30K"], "total_budget": "1000.00", "landing_page": "www.landingpagee.com", "reports_url": null, "start_time": "2025-02-03", "end_time": "2025-02-11", "status": "Created", "viewability": 50, "brand_safety": 90, "impressions": 0, "clicks": 0, "ctr": "0.00", "views": 0, "vtr": "0.00", "buy_type": "CPM", "unit_rate": "10.00", "tag_tracker": [6], "proximity_store": [], "proximity": [], "weather": [], "location": [1, 2, 3], "target_type": [2652, 2653, 2672, 2673], "images": [20], "video": [], "keywords": []}}, {"model": "api.campaign", "pk": 34, "fields": {"user": 2, "objective": "Banner", "name": "Location Test", "age": ["25-34", "35-44"], "day_part": null, "device": ["Mobile", "Tablet"], "environment": ["App"], "exchange": ["InMobi", "OpenX"], "created_at": "2025-02-03T18:39:57.829Z", "updated_at": "2025-02-03T18:39:57.829Z", "language": ["Bengali", "Telugu"], "carrier": ["JIO", "VI"], "device_price": ["<10k", "31K-50K"], "total_budget": "1000.00", "landing_page": "www.landingpage.com", "reports_url": null, "start_time": "2025-02-05", "end_time": "2025-02-26", "status": "Created", "viewability": 50, "brand_safety": 85, "impressions": 0, "clicks": 0, "ctr": "0.00", "views": 0, "vtr": "0.00", "buy_type": "CPM", "unit_rate": "10.00", "tag_tracker": [7], "proximity_store": [], "proximity": [], "weather": [], "location": [1, 2, 4, 5, 10, 11, 12, 18, 19, 21], "target_type": [2652, 2653, 2672, 2674], "images": [21], "video": [], "keywords": []}}, {"model": "api.campaign", "pk": 35, "fields": {"user": 2, "objective": "Banner", "name": "Review Test", "age": ["25-34"], "day_part": null, "device": ["Mobile"], "environment": ["Web"], "exchange": ["OpenX"], "created_at": "2025-02-04T05:44:18.100Z", "updated_at": "2025-02-04T05:55:25.783Z", "language": ["English"], "carrier": ["Airtel", "VI"], "device_price": ["10K-30K", "51K-90K"], "total_budget": "1000.00", "landing_page": "www.landingpage.com", "reports_url": null, "start_time": "2025-02-05", "end_time": "2025-02-12", "status": "Live", "viewability": 80, "brand_safety": 95, "impressions": 0, "clicks": 0, "ctr": "0.00", "views": 0, "vtr": "0.00", "buy_type": "CPM", "unit_rate": "10.00", "tag_tracker": [8], "proximity_store": [], "proximity": [], "weather": [], "location": [1, 2], "target_type": [2653, 2654, 2655, 2672, 2674], "images": [22], "video": [], "keywords": []}}, {"model": "api.campaign", "pk": 36, "fields": {"user": 2, "objective": "Banner", "name": "Campaign Validation Test", "age": ["25-34"], "day_part": null, "device": ["Mobile"], "environment": ["App"], "exchange": ["OpenX", "ImproveDigital"], "created_at": "2025-02-04T07:32:43.335Z", "updated_at": "2025-02-04T07:32:43.335Z", "language": ["Hindi"], "carrier": ["JIO"], "device_price": ["10K-30K"], "total_budget": "1000.00", "landing_page": "www.landingpage.com", "reports_url": null, "start_time": "2025-02-05", "end_time": "2025-02-06", "status": "Created", "viewability": 80, "brand_safety": 90, "impressions": 0, "clicks": 0, "ctr": "0.00", "views": 0, "vtr": "0.00", "buy_type": "CPV", "unit_rate": "10.00", "tag_tracker": [9], "proximity_store": [], "proximity": [], "weather": [], "location": [1, 2], "target_type": [2652, 2653, 2674, 2675], "images": [23], "video": [], "keywords": []}}, {"model": "api.campaign", "pk": 37, "fields": {"user": 2, "objective": "Banner", "name": "Campaign Validation Test", "age": ["25-34"], "day_part": null, "device": ["Mobile"], "environment": ["App"], "exchange": ["OpenX", "ImproveDigital"], "created_at": "2025-02-04T07:42:55.076Z", "updated_at": "2025-02-04T07:42:55.076Z", "language": ["Hindi"], "carrier": ["JIO"], "device_price": ["10K-30K"], "total_budget": "1000.00", "landing_page": "www.landingpage.com", "reports_url": null, "start_time": "2025-02-05", "end_time": "2025-02-06", "status": "Created", "viewability": 80, "brand_safety": 90, "impressions": 0, "clicks": 0, "ctr": "0.00", "views": 0, "vtr": "0.00", "buy_type": "CPV", "unit_rate": "10.00", "tag_tracker": [9], "proximity_store": [], "proximity": [], "weather": [], "location": [1, 2], "target_type": [2652, 2653, 2674, 2675], "images": [25], "video": [], "keywords": []}}, {"model": "api.campaign", "pk": 38, "fields": {"user": 2, "objective": "Banner", "name": "Dynamic Campaign", "age": ["25-34", "35-44"], "day_part": null, "device": ["Tablet", "Mobile"], "environment": ["App"], "exchange": ["InMobi", "ImproveDigital"], "created_at": "2025-02-04T11:10:29.222Z", "updated_at": "2025-02-04T11:10:29.222Z", "language": ["English", "Hindi"], "carrier": ["JIO"], "device_price": ["10K-30K", "31K-50K"], "total_budget": "1000.00", "landing_page": "www.landingpage.com", "reports_url": null, "start_time": "2025-02-05", "end_time": "2025-02-06", "status": "Created", "viewability": 50, "brand_safety": 75, "impressions": 0, "clicks": 0, "ctr": "0.00", "views": 0, "vtr": "0.00", "buy_type": "CPM", "unit_rate": "10.00", "tag_tracker": [11], "proximity_store": [], "proximity": [], "weather": [], "location": [1, 2], "target_type": [2652, 2653, 2672, 2674], "images": [26], "video": [], "keywords": []}}, {"model": "api.campaign", "pk": 39, "fields": {"user": 2, "objective": "Banner", "name": "Dynamic Campaign 2", "age": ["25-34", "35-44"], "day_part": null, "device": ["Tablet", "Mobile"], "environment": ["App"], "exchange": ["InMobi", "ImproveDigital"], "created_at": "2025-02-04T17:02:38.756Z", "updated_at": "2025-02-06T17:39:45.348Z", "language": ["English", "Hindi"], "carrier": ["JIO"], "device_price": ["10K-30K", "31K-50K"], "total_budget": "1000.00", "landing_page": "www.landingpage.com", "reports_url": null, "start_time": "2025-02-05", "end_time": "2025-02-06", "status": "Created", "viewability": 50, "brand_safety": 75, "impressions": 0, "clicks": 0, "ctr": "0.00", "views": 0, "vtr": "0.00", "buy_type": "CPM", "unit_rate": "10.00", "tag_tracker": [11], "proximity_store": [], "proximity": [], "weather": [], "location": [1, 2], "target_type": [2652, 2653, 2672, 2674], "images": [26], "video": [], "keywords": []}}, {"model": "api.campaign", "pk": 40, "fields": {"user": 3, "objective": "Banner", "name": "Dynamic Campaign", "age": ["25-34", "35-44"], "day_part": null, "device": ["Tablet", "Mobile"], "environment": ["App"], "exchange": ["InMobi", "ImproveDigital"], "created_at": "2025-02-04T17:05:33.403Z", "updated_at": "2025-02-06T17:38:35.974Z", "language": ["English", "Hindi"], "carrier": ["JIO"], "device_price": ["10K-30K", "31K-50K"], "total_budget": "1000.00", "landing_page": "www.landingpage.com", "reports_url": null, "start_time": "2025-02-05", "end_time": "2025-02-06", "status": "Completed", "viewability": 50, "brand_safety": 75, "impressions": 0, "clicks": 0, "ctr": "0.00", "views": 0, "vtr": "0.00", "buy_type": "CPM", "unit_rate": "10.00", "tag_tracker": [11], "proximity_store": [], "proximity": [], "weather": [], "location": [1, 2], "target_type": [2652, 2653, 2672, 2674], "images": [26], "video": [], "keywords": []}}, {"model": "api.campaign", "pk": 41, "fields": {"user": 3, "objective": "Banner", "name": "Test 1", "age": ["25-34"], "day_part": null, "device": ["Mobile", "Tablet"], "environment": ["App", "Web"], "exchange": ["OpenX"], "created_at": "2025-02-04T18:03:52.594Z", "updated_at": "2025-02-06T17:26:57.251Z", "language": ["Hindi"], "carrier": ["JIO", "Airtel"], "device_price": ["10K-30K", "31K-50K"], "total_budget": "1000.00", "landing_page": "www.landingpage.com", "reports_url": null, "start_time": "2025-02-05", "end_time": "2025-02-12", "status": "Live", "viewability": 50, "brand_safety": 75, "impressions": 0, "clicks": 0, "ctr": "0.00", "views": 0, "vtr": "0.00", "buy_type": "CPV", "unit_rate": "10.00", "tag_tracker": [13], "proximity_store": [], "proximity": [], "weather": [], "location": [1, 2], "target_type": [2652, 2653, 2672], "images": [28], "video": [], "keywords": []}}, {"model": "api.campaign", "pk": 42, "fields": {"user": 3, "objective": "Video", "name": "Test 1", "age": ["25-34"], "day_part": null, "device": ["Mobile", "Tablet"], "environment": ["App", "Web"], "exchange": ["OpenX"], "created_at": "2025-02-04T18:04:37.234Z", "updated_at": "2025-02-06T17:26:50.900Z", "language": ["Hindi"], "carrier": ["JIO", "Airtel"], "device_price": ["10K-30K", "31K-50K"], "total_budget": "10000.00", "landing_page": "www.landingpage.com", "reports_url": null, "start_time": "2025-02-05", "end_time": "2025-02-12", "status": "Live", "viewability": 50, "brand_safety": 75, "impressions": 0, "clicks": 0, "ctr": "0.00", "views": 0, "vtr": "0.00", "buy_type": "CPV", "unit_rate": "10.00", "tag_tracker": [13], "proximity_store": [], "proximity": [], "weather": [], "location": [1, 2], "target_type": [2652, 2653, 2672], "images": [28], "video": [10], "keywords": []}}, {"model": "api.campaign", "pk": 43, "fields": {"user": 2, "objective": "Banner", "name": "Campaign 22", "age": [], "day_part": null, "device": ["Tablet", "Mobile"], "environment": ["App"], "exchange": ["InMobi", "OpenX"], "created_at": "2025-02-06T14:50:07.788Z", "updated_at": "2025-02-06T17:07:52.451Z", "language": ["English", "Hindi"], "carrier": ["Airtel"], "device_price": ["31K-50K"], "total_budget": "1000.00", "landing_page": "", "reports_url": null, "start_time": "2025-02-05", "end_time": "2025-02-13", "status": "Live", "viewability": 200, "brand_safety": 80, "impressions": 100, "clicks": 0, "ctr": "0.00", "views": 0, "vtr": "0.00", "buy_type": "CPV", "unit_rate": "10.00", "tag_tracker": [1], "proximity_store": [], "proximity": [], "weather": [], "location": [1, 2], "target_type": [2680, 2681], "images": [], "video": [2], "keywords": []}}, {"model": "api.campaign", "pk": 44, "fields": {"user": 3, "objective": "Banner", "name": "Campaign 2", "age": ["25-34", "35-44"], "day_part": null, "device": ["Tablet", "Mobile"], "environment": ["App"], "exchange": ["InMobi", "OpenX"], "created_at": "2025-02-06T17:08:02.276Z", "updated_at": "2025-02-06T17:26:46.977Z", "language": ["English", "Hindi"], "carrier": ["Airtel"], "device_price": ["31K-50K"], "total_budget": "1000.00", "landing_page": "", "reports_url": null, "start_time": "2025-02-05", "end_time": "2025-02-13", "status": "Completed", "viewability": 50, "brand_safety": 80, "impressions": 0, "clicks": 0, "ctr": "0.00", "views": 0, "vtr": "0.00", "buy_type": "CPV", "unit_rate": "10.00", "tag_tracker": [1], "proximity_store": [], "proximity": [], "weather": [], "location": [1, 2], "target_type": [2680, 2681], "images": [], "video": [2], "keywords": []}}, {"model": "api.campaign", "pk": 45, "fields": {"user": 3, "objective": "Banner", "name": "Final Test", "age": ["35-44", "45-54"], "day_part": null, "device": ["Mobile", "Tablet"], "environment": ["Web"], "exchange": ["InMobi", "OpenX"], "created_at": "2025-02-06T17:42:09.885Z", "updated_at": "2025-02-06T17:45:11.226Z", "language": ["Hindi", "Bengali"], "carrier": ["Airtel"], "device_price": ["10K-30K", "31K-50K"], "total_budget": "1000.00", "landing_page": "", "reports_url": null, "start_time": "2025-02-07", "end_time": "2025-02-08", "status": "Learning", "viewability": 40, "brand_safety": 85, "impressions": 0, "clicks": 0, "ctr": "0.00", "views": 0, "vtr": "0.00", "buy_type": "CPM", "unit_rate": "23.00", "tag_tracker": [14], "proximity_store": [], "proximity": [], "weather": [], "location": [1, 2], "target_type": [2652, 2653, 2672, 2673], "images": [30], "video": [], "keywords": []}}, {"model": "api.campaignfile", "pk": 1, "fields": {"file": "campaigns/files/campaign_7.xlsx", "created_at": "2025-02-07T08:22:13.645Z", "updated_at": "2025-02-07T08:22:13.645Z", "campaign": 7}}, {"model": "api.campaignfile", "pk": 2, "fields": {"file": "campaigns/files/campaign_8.xlsx", "created_at": "2025-02-07T08:22:13.753Z", "updated_at": "2025-02-07T08:22:13.753Z", "campaign": 8}}, {"model": "api.campaignfile", "pk": 3, "fields": {"file": "campaigns/files/campaign_9.xlsx", "created_at": "2025-02-07T08:22:13.837Z", "updated_at": "2025-02-07T08:22:13.837Z", "campaign": 9}}, {"model": "api.campaignfile", "pk": 4, "fields": {"file": "campaigns/files/campaign_10.xlsx", "created_at": "2025-02-07T08:22:13.922Z", "updated_at": "2025-02-07T08:22:13.922Z", "campaign": 10}}, {"model": "api.campaignfile", "pk": 5, "fields": {"file": "campaigns/files/campaign_11.xlsx", "created_at": "2025-02-07T08:22:14.016Z", "updated_at": "2025-02-07T08:22:14.016Z", "campaign": 11}}, {"model": "api.campaignfile", "pk": 6, "fields": {"file": "campaigns/files/campaign_12.xlsx", "created_at": "2025-02-07T08:22:14.101Z", "updated_at": "2025-02-07T08:22:14.101Z", "campaign": 12}}, {"model": "api.campaignfile", "pk": 7, "fields": {"file": "campaigns/files/campaign_13.xlsx", "created_at": "2025-02-07T08:22:14.198Z", "updated_at": "2025-02-07T08:22:14.198Z", "campaign": 13}}, {"model": "api.campaignfile", "pk": 8, "fields": {"file": "campaigns/files/campaign_14.xlsx", "created_at": "2025-02-07T08:22:14.291Z", "updated_at": "2025-02-07T08:22:14.291Z", "campaign": 14}}, {"model": "api.campaignfile", "pk": 9, "fields": {"file": "campaigns/files/campaign_15.xlsx", "created_at": "2025-02-07T08:22:14.382Z", "updated_at": "2025-02-07T08:22:14.382Z", "campaign": 15}}, {"model": "api.campaignfile", "pk": 10, "fields": {"file": "campaigns/files/campaign_16.xlsx", "created_at": "2025-02-07T08:22:14.476Z", "updated_at": "2025-02-07T08:22:14.476Z", "campaign": 16}}, {"model": "api.campaignfile", "pk": 11, "fields": {"file": "campaigns/files/campaign_21.xlsx", "created_at": "2025-02-07T08:22:14.568Z", "updated_at": "2025-02-07T08:22:14.568Z", "campaign": 21}}, {"model": "api.campaignfile", "pk": 12, "fields": {"file": "campaigns/files/campaign_22.xlsx", "created_at": "2025-02-07T08:22:14.657Z", "updated_at": "2025-02-07T08:22:14.657Z", "campaign": 22}}, {"model": "api.campaignfile", "pk": 13, "fields": {"file": "campaigns/files/campaign_23.xlsx", "created_at": "2025-02-07T08:22:14.749Z", "updated_at": "2025-02-07T08:22:14.749Z", "campaign": 23}}, {"model": "api.campaignfile", "pk": 14, "fields": {"file": "campaigns/files/campaign_25.xlsx", "created_at": "2025-02-07T08:22:14.845Z", "updated_at": "2025-02-07T08:22:14.845Z", "campaign": 25}}, {"model": "api.campaignfile", "pk": 15, "fields": {"file": "campaigns/files/campaign_26.xlsx", "created_at": "2025-02-07T08:22:14.979Z", "updated_at": "2025-02-07T08:22:14.979Z", "campaign": 26}}, {"model": "api.campaignfile", "pk": 16, "fields": {"file": "campaigns/files/campaign_27.xlsx", "created_at": "2025-02-07T08:22:15.076Z", "updated_at": "2025-02-07T08:22:15.076Z", "campaign": 27}}, {"model": "api.campaignfile", "pk": 17, "fields": {"file": "campaigns/files/campaign_28.xlsx", "created_at": "2025-02-07T08:22:15.167Z", "updated_at": "2025-02-07T08:22:15.167Z", "campaign": 28}}, {"model": "api.campaignfile", "pk": 18, "fields": {"file": "campaigns/files/campaign_29.xlsx", "created_at": "2025-02-07T08:22:15.260Z", "updated_at": "2025-02-07T08:22:15.260Z", "campaign": 29}}, {"model": "api.campaignfile", "pk": 19, "fields": {"file": "campaigns/files/campaign_30.xlsx", "created_at": "2025-02-07T08:22:15.348Z", "updated_at": "2025-02-07T08:22:15.348Z", "campaign": 30}}, {"model": "api.campaignfile", "pk": 20, "fields": {"file": "campaigns/files/campaign_31.xlsx", "created_at": "2025-02-07T08:22:15.436Z", "updated_at": "2025-02-07T08:22:15.436Z", "campaign": 31}}, {"model": "api.campaignfile", "pk": 21, "fields": {"file": "campaigns/files/campaign_32.xlsx", "created_at": "2025-02-07T08:22:15.522Z", "updated_at": "2025-02-07T08:22:15.522Z", "campaign": 32}}, {"model": "api.campaignfile", "pk": 22, "fields": {"file": "campaigns/files/campaign_33.xlsx", "created_at": "2025-02-07T08:22:15.619Z", "updated_at": "2025-02-07T08:22:15.619Z", "campaign": 33}}, {"model": "api.campaignfile", "pk": 23, "fields": {"file": "campaigns/files/campaign_34.xlsx", "created_at": "2025-02-07T08:22:15.706Z", "updated_at": "2025-02-07T08:22:15.706Z", "campaign": 34}}, {"model": "api.campaignfile", "pk": 24, "fields": {"file": "campaigns/files/campaign_35.xlsx", "created_at": "2025-02-07T08:22:15.798Z", "updated_at": "2025-02-07T08:22:15.798Z", "campaign": 35}}, {"model": "api.campaignfile", "pk": 25, "fields": {"file": "campaigns/files/campaign_36.xlsx", "created_at": "2025-02-07T08:22:15.891Z", "updated_at": "2025-02-07T08:22:15.892Z", "campaign": 36}}, {"model": "api.campaignfile", "pk": 26, "fields": {"file": "campaigns/files/campaign_37.xlsx", "created_at": "2025-02-07T08:22:15.975Z", "updated_at": "2025-02-07T08:22:15.975Z", "campaign": 37}}, {"model": "api.campaignfile", "pk": 27, "fields": {"file": "campaigns/files/campaign_38.xlsx", "created_at": "2025-02-07T08:22:16.063Z", "updated_at": "2025-02-07T08:22:16.063Z", "campaign": 38}}, {"model": "api.campaignfile", "pk": 28, "fields": {"file": "campaigns/files/campaign_39.xlsx", "created_at": "2025-02-07T08:22:16.154Z", "updated_at": "2025-02-07T08:22:16.154Z", "campaign": 39}}, {"model": "api.campaignfile", "pk": 30, "fields": {"file": "campaigns/files/campaign_43.xlsx", "created_at": "2025-02-07T08:29:31.606Z", "updated_at": "2025-02-07T08:29:31.607Z", "campaign": 43}}, {"model": "api.campaignfile", "pk": 31, "fields": {"file": "campaigns/files/campaign_1.xlsx", "created_at": "2025-02-08T09:08:14.726Z", "updated_at": "2025-02-08T09:08:14.726Z", "campaign": 1}}, {"model": "api.campaignfile", "pk": 32, "fields": {"file": "campaigns/files/campaign_2.xlsx", "created_at": "2025-02-08T09:08:14.826Z", "updated_at": "2025-02-08T09:08:14.826Z", "campaign": 2}}, {"model": "api.campaignfile", "pk": 33, "fields": {"file": "campaigns/files/campaign_3.xlsx", "created_at": "2025-02-08T09:08:14.923Z", "updated_at": "2025-02-08T09:08:14.923Z", "campaign": 3}}, {"model": "api.campaignfile", "pk": 34, "fields": {"file": "campaigns/files/campaign_4.xlsx", "created_at": "2025-02-08T09:08:15.022Z", "updated_at": "2025-02-08T09:08:15.022Z", "campaign": 4}}, {"model": "api.campaignfile", "pk": 35, "fields": {"file": "campaigns/files/campaign_5.xlsx", "created_at": "2025-02-08T09:08:15.126Z", "updated_at": "2025-02-08T09:08:15.126Z", "campaign": 5}}, {"model": "api.campaignfile", "pk": 36, "fields": {"file": "campaigns/files/campaign_6.xlsx", "created_at": "2025-02-08T09:08:15.219Z", "updated_at": "2025-02-08T09:08:15.219Z", "campaign": 6}}, {"model": "api.campaignfile", "pk": 37, "fields": {"file": "campaigns/files/campaign_17.xlsx", "created_at": "2025-02-08T09:08:15.321Z", "updated_at": "2025-02-08T09:08:15.321Z", "campaign": 17}}, {"model": "api.campaignfile", "pk": 38, "fields": {"file": "campaigns/files/campaign_18.xlsx", "created_at": "2025-02-08T09:08:15.418Z", "updated_at": "2025-02-08T09:08:15.418Z", "campaign": 18}}, {"model": "api.campaignfile", "pk": 39, "fields": {"file": "campaigns/files/campaign_19.xlsx", "created_at": "2025-02-08T09:08:15.512Z", "updated_at": "2025-02-08T09:08:15.513Z", "campaign": 19}}, {"model": "api.campaignfile", "pk": 40, "fields": {"file": "campaigns/files/campaign_20.xlsx", "created_at": "2025-02-08T09:08:15.612Z", "updated_at": "2025-02-08T09:08:15.612Z", "campaign": 20}}, {"model": "api.campaignfile", "pk": 41, "fields": {"file": "campaigns/files/campaign_24.xlsx", "created_at": "2025-02-08T09:08:15.713Z", "updated_at": "2025-02-08T09:08:15.713Z", "campaign": 24}}, {"model": "api.campaignfile", "pk": 42, "fields": {"file": "campaigns/files/campaign_40.xlsx", "created_at": "2025-02-08T09:08:15.805Z", "updated_at": "2025-02-08T09:08:15.805Z", "campaign": 40}}, {"model": "api.campaignfile", "pk": 43, "fields": {"file": "campaigns/files/campaign_41.xlsx", "created_at": "2025-02-08T09:08:15.891Z", "updated_at": "2025-02-08T09:08:15.891Z", "campaign": 41}}, {"model": "api.campaignfile", "pk": 44, "fields": {"file": "campaigns/files/campaign_42.xlsx", "created_at": "2025-02-08T09:08:15.972Z", "updated_at": "2025-02-08T09:08:15.972Z", "campaign": 42}}, {"model": "api.campaignfile", "pk": 45, "fields": {"file": "campaigns/files/campaign_44.xlsx", "created_at": "2025-02-08T09:08:16.074Z", "updated_at": "2025-02-08T09:08:16.075Z", "campaign": 44}}, {"model": "api.campaignfile", "pk": 46, "fields": {"file": "campaigns/files/campaign_45.xlsx", "created_at": "2025-02-08T09:08:16.168Z", "updated_at": "2025-02-08T09:08:16.168Z", "campaign": 45}}, {"model": "api.campaignimage", "pk": 1, "fields": {"image": "campaigns/images/test_dl.png", "created_at": "2025-01-16T20:01:49.625Z"}}, {"model": "api.campaignimage", "pk": 2, "fields": {"image": "campaigns/images/download_CzZyT3l.png", "created_at": "2025-02-01T09:44:37.289Z"}}, {"model": "api.campaignimage", "pk": 3, "fields": {"image": "campaigns/images/file.zip", "created_at": "2025-02-01T09:46:15.696Z"}}, {"model": "api.campaignimage", "pk": 4, "fields": {"image": "campaigns/images/download_1RnJHTh.png", "created_at": "2025-02-01T11:04:54.985Z"}}, {"model": "api.campaignimage", "pk": 5, "fields": {"image": "campaigns/images/Klassifizierung_KI_Projekt_BST.xlsx", "created_at": "2025-02-01T14:18:19.315Z"}}, {"model": "api.campaignimage", "pk": 6, "fields": {"image": "campaigns/images/file_9yXs0XK.zip", "created_at": "2025-02-01T14:34:59.781Z"}}, {"model": "api.campaignimage", "pk": 7, "fields": {"image": "campaigns/images/test_dl.png", "created_at": "2025-02-01T14:39:30.545Z"}}, {"model": "api.campaignimage", "pk": 8, "fields": {"image": "campaigns/images/download_tAxlo5F.png", "created_at": "2025-02-01T14:42:01.419Z"}}, {"model": "api.campaignimage", "pk": 9, "fields": {"image": "campaigns/images/test_dl_BQzqVnX.png", "created_at": "2025-02-01T14:43:47.811Z"}}, {"model": "api.campaignimage", "pk": 10, "fields": {"image": "campaigns/images/test_dl_knsv4OT.png", "created_at": "2025-02-01T14:44:59.590Z"}}, {"model": "api.campaignimage", "pk": 11, "fields": {"image": "campaigns/images/test_dl_jAjSVlf.png", "created_at": "2025-02-01T14:51:54.284Z"}}, {"model": "api.campaignimage", "pk": 12, "fields": {"image": "campaigns/images/test_dl.png", "created_at": "2025-02-01T17:55:51.344Z"}}, {"model": "api.campaignimage", "pk": 13, "fields": {"image": "campaigns/images/download.png", "created_at": "2025-02-01T18:11:13.930Z"}}, {"model": "api.campaignimage", "pk": 14, "fields": {"image": "campaigns/images/download.png", "created_at": "2025-02-01T19:07:05.241Z"}}, {"model": "api.campaignimage", "pk": 15, "fields": {"image": "campaigns/images/download.png", "created_at": "2025-02-01T19:07:23.942Z"}}, {"model": "api.campaignimage", "pk": 16, "fields": {"image": "campaigns/images/file.zip", "created_at": "2025-02-02T07:49:12.179Z"}}, {"model": "api.campaignimage", "pk": 17, "fields": {"image": "campaigns/images/file.zip", "created_at": "2025-02-02T10:52:15.721Z"}}, {"model": "api.campaignimage", "pk": 18, "fields": {"image": "campaigns/images/download.png", "created_at": "2025-02-02T14:09:31.907Z"}}, {"model": "api.campaignimage", "pk": 19, "fields": {"image": "campaigns/images/file.zip", "created_at": "2025-02-03T07:53:07.875Z"}}, {"model": "api.campaignimage", "pk": 20, "fields": {"image": "campaigns/images/file_1.zip", "created_at": "2025-02-03T11:16:46.320Z"}}, {"model": "api.campaignimage", "pk": 21, "fields": {"image": "campaigns/images/file_1.zip", "created_at": "2025-02-03T18:39:52.871Z"}}, {"model": "api.campaignimage", "pk": 22, "fields": {"image": "campaigns/images/file_1.zip", "created_at": "2025-02-04T05:44:00.800Z"}}, {"model": "api.campaignimage", "pk": 23, "fields": {"image": "campaigns/images/file_1.zip", "created_at": "2025-02-04T07:32:24.761Z"}}, {"model": "api.campaignimage", "pk": 24, "fields": {"image": "campaigns/images/download.png", "created_at": "2025-02-04T07:42:25.322Z"}}, {"model": "api.campaignimage", "pk": 25, "fields": {"image": "campaigns/images/download.png", "created_at": "2025-02-04T07:42:51.417Z"}}, {"model": "api.campaignimage", "pk": 26, "fields": {"image": "campaigns/images/download.png", "created_at": "2025-02-04T11:09:52.136Z"}}, {"model": "api.campaignimage", "pk": 27, "fields": {"image": "campaigns/images/download.png", "created_at": "2025-02-04T18:01:57.854Z"}}, {"model": "api.campaignimage", "pk": 28, "fields": {"image": "campaigns/images/download.png", "created_at": "2025-02-04T18:03:47.410Z"}}, {"model": "api.campaignimage", "pk": 29, "fields": {"image": "campaigns/images/download.png", "created_at": "2025-02-06T16:31:12.428Z"}}, {"model": "api.campaignimage", "pk": 30, "fields": {"image": "campaigns/images/download.png", "created_at": "2025-02-06T17:42:05.017Z"}}, {"model": "api.campaignvideo", "pk": 1, "fields": {"video": "campaigns/video/3195394-uhd_3840_2160_25fps.mp4", "created_at": "2025-02-01T10:05:56.055Z"}}, {"model": "api.campaignvideo", "pk": 2, "fields": {"video": "campaigns/video/3195394-uhd_3840_2160_25fps_yUv7oIm.mp4", "created_at": "2025-02-01T14:36:47.949Z"}}, {"model": "api.campaignvideo", "pk": 3, "fields": {"video": "campaigns/video/3195394-uhd_3840_2160_25fps_Xwp3kP9.mp4", "created_at": "2025-02-01T14:51:22.495Z"}}, {"model": "api.campaignvideo", "pk": 4, "fields": {"video": "campaigns/video/3195394-uhd_3840_2160_25fps.mp4", "created_at": "2025-02-01T18:12:55.775Z"}}, {"model": "api.campaignvideo", "pk": 5, "fields": {"video": "campaigns/video/3195394-uhd_3840_2160_25fps.mp4", "created_at": "2025-02-01T19:02:22.228Z"}}, {"model": "api.campaignvideo", "pk": 6, "fields": {"video": "campaigns/video/3195394-uhd_3840_2160_25fps.mp4", "created_at": "2025-02-01T19:05:31.694Z"}}, {"model": "api.campaignvideo", "pk": 7, "fields": {"video": "campaigns/video/3195394-uhd_3840_2160_25fps.mp4", "created_at": "2025-02-01T19:06:43.962Z"}}, {"model": "api.campaignvideo", "pk": 8, "fields": {"video": "campaigns/video/3195394-uhd_3840_2160_25fps.mp4", "created_at": "2025-02-01T19:28:25.418Z"}}, {"model": "api.campaignvideo", "pk": 9, "fields": {"video": "campaigns/video/3195394-uhd_3840_2160_25fps.mp4", "created_at": "2025-02-03T11:12:39.643Z"}}, {"model": "api.campaignvideo", "pk": 10, "fields": {"video": "campaigns/video/3195394-uhd_3840_2160_25fps.mp4", "created_at": "2025-02-04T18:04:24.782Z"}}, {"model": "api.keyword", "pk": 1, "fields": {"file": "", "uploaded_at": "2025-01-16T20:04:18.041Z", "keywords": null}}, {"model": "api.keyword", "pk": 2, "fields": {"file": "campaign_keywords/test_dl.png", "uploaded_at": "2025-01-16T20:04:28.694Z", "keywords": null}}, {"model": "api.keyword", "pk": 3, "fields": {"file": "campaign_keywords/check.sh_3.txt", "uploaded_at": "2025-01-18T19:19:59.870Z", "keywords": null}}, {"model": "api.keyword", "pk": 4, "fields": {"file": "campaign_keywords/html2pdf_OGC0MZj.pdf", "uploaded_at": "2025-02-01T09:46:28.981Z", "keywords": null}}, {"model": "api.tag_tracker", "pk": 1, "fields": {"file": "campaigns/tag_tracker/template_Indien_Delhi_2.docx", "uploaded_at": "2025-02-02T08:51:46.856Z"}}, {"model": "api.tag_tracker", "pk": 2, "fields": {"file": "campaigns/tag_tracker/Dashboard_Unique_Data_.xlsx", "uploaded_at": "2025-02-02T10:50:30.174Z"}}, {"model": "api.tag_tracker", "pk": 3, "fields": {"file": "campaigns/tag_tracker/Dashboard_Unique_Data_.xlsx", "uploaded_at": "2025-02-02T10:52:05.389Z"}}, {"model": "api.tag_tracker", "pk": 4, "fields": {"file": "campaigns/tag_tracker/Dashboard_Unique_Data_.xlsx", "uploaded_at": "2025-02-02T14:09:16.588Z"}}, {"model": "api.tag_tracker", "pk": 5, "fields": {"file": "campaigns/tag_tracker/Dashboard_Unique_Data_.xlsx", "uploaded_at": "2025-02-03T07:52:56.702Z"}}, {"model": "api.tag_tracker", "pk": 6, "fields": {"file": "campaigns/tag_tracker/Dashboard_Unique_Data_.xlsx", "uploaded_at": "2025-02-03T11:16:37.751Z"}}, {"model": "api.tag_tracker", "pk": 7, "fields": {"file": "campaigns/tag_tracker/Dashboard_Unique_Data_.xlsx", "uploaded_at": "2025-02-03T18:39:47.182Z"}}, {"model": "api.tag_tracker", "pk": 8, "fields": {"file": "campaigns/tag_tracker/Dashboard_Unique_Data_.xlsx", "uploaded_at": "2025-02-04T05:43:52.348Z"}}, {"model": "api.tag_tracker", "pk": 9, "fields": {"file": "campaigns/tag_tracker/Dashboard_Unique_Data_.xlsx", "uploaded_at": "2025-02-04T07:32:15.440Z"}}, {"model": "api.tag_tracker", "pk": 10, "fields": {"file": "campaigns/tag_tracker/Dashboard_Unique_Data_.xlsx", "uploaded_at": "2025-02-04T07:36:51.428Z"}}, {"model": "api.tag_tracker", "pk": 11, "fields": {"file": "campaigns/tag_tracker/Dashboard_Unique_Data_.xlsx", "uploaded_at": "2025-02-04T11:09:37.670Z"}}, {"model": "api.tag_tracker", "pk": 12, "fields": {"file": "campaigns/tag_tracker/Dashboard_Unique_Data_.xlsx", "uploaded_at": "2025-02-04T18:01:47.747Z"}}, {"model": "api.tag_tracker", "pk": 13, "fields": {"file": "campaigns/tag_tracker/Dashboard_Unique_Data_.xlsx", "uploaded_at": "2025-02-04T18:03:31.899Z"}}, {"model": "api.tag_tracker", "pk": 14, "fields": {"file": "campaigns/tag_tracker/my_data.xlsx", "uploaded_at": "2025-02-06T17:41:54.363Z"}}, {"model": "api.proximity_store", "pk": 1, "fields": {"file": "proximity_store/template_Indien_Delhi_2.docx", "uploaded_at": "2025-01-16T20:00:57.386Z"}}, {"model": "api.proximity_store", "pk": 2, "fields": {"file": "proximity_store/check.sh.txt", "uploaded_at": "2025-01-18T19:20:35.388Z"}}, {"model": "api.bidding_detail", "pk": 1, "fields": {"buy_type": "CPM", "unit_rate": "100.00"}}, {"model": "api.proximity", "pk": 1, "fields": {"file": "proximity/template_Indien_Delhi_2.docx", "uploaded_at": "2025-01-16T20:00:47.813Z"}}, {"model": "api.proximity", "pk": 2, "fields": {"file": "proximity/check.sh_1.txt", "uploaded_at": "2025-01-18T19:20:35.304Z"}}, {"model": "api.weather", "pk": 1, "fields": {"file": "weather/template_Indien_Delhi_2.docx", "uploaded_at": "2025-01-16T20:00:31.308Z"}}, {"model": "api.weather", "pk": 2, "fields": {"file": "weather/check.sh_2.txt", "uploaded_at": "2025-01-18T19:20:35.222Z"}}, {"model": "api.weather", "pk": 3, "fields": {"file": "weather/template_Indien_Delhi_2.docx", "uploaded_at": "2025-02-01T17:53:24.221Z"}}, {"model": "api.weather", "pk": 4, "fields": {"file": "weather/template_Indien_Delhi_2.docx", "uploaded_at": "2025-02-02T08:49:15.476Z"}}, {"model": "api.weather", "pk": 5, "fields": {"file": "weather/template_Indien_Delhi_2.docx", "uploaded_at": "2025-02-02T08:49:40.029Z"}}, {"model": "api.userprofile", "pk": 1, "fields": {"user": 1, "city": null, "company_name": null, "phone_no": null, "gst": null, "logo": ""}}, {"model": "api.userprofile", "pk": 2, "fields": {"user": 2, "city": null, "company_name": null, "phone_no": null, "gst": null, "logo": ""}}, {"model": "api.userprofile", "pk": 3, "fields": {"user": 3, "city": null, "company_name": null, "phone_no": null, "gst": null, "logo": ""}}, {"model": "api.target_type", "pk": 2652, "fields": {"targeting_type": "", "category": "Affinity Audiences", "subcategory": "Banking & Finance"}}, {"model": "api.target_type", "pk": 2653, "fields": {"targeting_type": "", "category": "Affinity Audiences", "subcategory": "Beauty & Wellness"}}, {"model": "api.target_type", "pk": 2654, "fields": {"targeting_type": "", "category": "Affinity Audiences", "subcategory": "Food & Dining"}}, {"model": "api.target_type", "pk": 2655, "fields": {"targeting_type": "", "category": "Affinity Audiences", "subcategory": "Home & Garden"}}, {"model": "api.target_type", "pk": 2656, "fields": {"targeting_type": "", "category": "Affinity Audiences", "subcategory": "Lifestyles & Hobbies"}}, {"model": "api.target_type", "pk": 2657, "fields": {"targeting_type": "", "category": "Affinity Audiences", "subcategory": "Media & Entertainment"}}, {"model": "api.target_type", "pk": 2658, "fields": {"targeting_type": "", "category": "Affinity Audiences", "subcategory": "News & Politics"}}, {"model": "api.target_type", "pk": 2659, "fields": {"targeting_type": "", "category": "Affinity Audiences", "subcategory": "Shoppers"}}, {"model": "api.target_type", "pk": 2660, "fields": {"targeting_type": "", "category": "Affinity Audiences", "subcategory": "Shoppers > Luxury Shoppers"}}, {"model": "api.target_type", "pk": 2661, "fields": {"targeting_type": "", "category": "Affinity Audiences", "subcategory": "Shoppers > Shopaholics"}}, {"model": "api.target_type", "pk": 2662, "fields": {"targeting_type": "", "category": "Affinity Audiences", "subcategory": "Sports & Fitness"}}, {"model": "api.target_type", "pk": 2663, "fields": {"targeting_type": "", "category": "Affinity Audiences", "subcategory": "Technology"}}, {"model": "api.target_type", "pk": 2664, "fields": {"targeting_type": "", "category": "Affinity Audiences", "subcategory": "Travel > Business Travelers"}}, {"model": "api.target_type", "pk": 2665, "fields": {"targeting_type": "", "category": "Affinity Audiences", "subcategory": "Travel > Travel Buffs > Family Vacationers"}}, {"model": "api.target_type", "pk": 2666, "fields": {"targeting_type": "", "category": "Affinity Audiences", "subcategory": "Travel > Travel Buffs > Luxury Travelers"}}, {"model": "api.target_type", "pk": 2667, "fields": {"targeting_type": "", "category": "Affinity Audiences", "subcategory": "Vehicles & Transportation > Auto Enthusiasts"}}, {"model": "api.target_type", "pk": 2668, "fields": {"targeting_type": "", "category": "Affinity Audiences", "subcategory": "Vehicles & Transportation > Auto Enthusiasts > Motorcycle Enthusiasts"}}, {"model": "api.target_type", "pk": 2669, "fields": {"targeting_type": "", "category": "Affinity Audiences", "subcategory": "Vehicles & Transportation > Auto Enthusiasts > Performance & Luxury Vehicle Enthusiasts"}}, {"model": "api.target_type", "pk": 2670, "fields": {"targeting_type": "", "category": "Affinity Audiences", "subcategory": "Vehicles & Transportation > Auto Enthusiasts > Truck & SUV Enthusiasts"}}, {"model": "api.target_type", "pk": 2671, "fields": {"targeting_type": "", "category": "In-Market Audiences", "subcategory": "Apparel & Accessories > Activewear > Yoga Apparel"}}, {"model": "api.target_type", "pk": 2672, "fields": {"targeting_type": "", "category": "In-Market Audiences", "subcategory": "Apparel & Accessories > Eyewear > Eyeglasses & Contact Lenses"}}, {"model": "api.target_type", "pk": 2673, "fields": {"targeting_type": "", "category": "In-Market Audiences", "subcategory": "Apparel & Accessories > Formal Wear > Suits & Business Attire"}}, {"model": "api.target_type", "pk": 2674, "fields": {"targeting_type": "", "category": "In-Market Audiences", "subcategory": "Autos & Vehicles > Motor Vehicles"}}, {"model": "api.target_type", "pk": 2675, "fields": {"targeting_type": "", "category": "In-Market Audiences", "subcategory": "Baby & Children's Products"}}, {"model": "api.target_type", "pk": 2676, "fields": {"targeting_type": "", "category": "In-Market Audiences", "subcategory": "Beauty Products & Services"}}, {"model": "api.target_type", "pk": 2677, "fields": {"targeting_type": "", "category": "In-Market Audiences", "subcategory": "Business & Industrial Products"}}, {"model": "api.target_type", "pk": 2678, "fields": {"targeting_type": "", "category": "In-Market Audiences", "subcategory": "Consumer Electronics > Audio > Headphones & Headsets"}}, {"model": "api.target_type", "pk": 2679, "fields": {"targeting_type": "", "category": "In-Market Audiences", "subcategory": "Education"}}, {"model": "api.target_type", "pk": 2680, "fields": {"targeting_type": "", "category": "In-Market Audiences", "subcategory": "Event Tickets"}}, {"model": "api.target_type", "pk": 2681, "fields": {"targeting_type": "", "category": "In-Market Audiences", "subcategory": "Financial Services > Banking Services > Debit & Checking Services"}}, {"model": "api.target_type", "pk": 2682, "fields": {"targeting_type": "", "category": "In-Market Audiences", "subcategory": "Financial Services > Credit & Lending > Auto Loans"}}, {"model": "api.target_type", "pk": 2683, "fields": {"targeting_type": "", "category": "In-Market Audiences", "subcategory": "Financial Services > Credit & Lending > Business Loans"}}, {"model": "api.target_type", "pk": 2684, "fields": {"targeting_type": "", "category": "In-Market Audiences", "subcategory": "Financial Services > Credit & Lending > Credit Reports & Monitoring Services"}}, {"model": "api.target_type", "pk": 2685, "fields": {"targeting_type": "", "category": "In-Market Audiences", "subcategory": "Financial Services > Credit & Lending > Personal Loans"}}, {"model": "api.target_type", "pk": 2686, "fields": {"targeting_type": "", "category": "In-Market Audiences", "subcategory": "Financial Services > Credit & Lending > Student Loans"}}, {"model": "api.target_type", "pk": 2687, "fields": {"targeting_type": "", "category": "In-Market Audiences", "subcategory": "Food"}}, {"model": "api.target_type", "pk": 2688, "fields": {"targeting_type": "", "category": "In-Market Audiences", "subcategory": "Gifts & Occasions"}}, {"model": "api.target_type", "pk": 2689, "fields": {"targeting_type": "", "category": "In-Market Audiences", "subcategory": "Home & Garden"}}, {"model": "api.target_type", "pk": 2690, "fields": {"targeting_type": "", "category": "In-Market Audiences", "subcategory": "Real Estate > Commercial Properties"}}, {"model": "api.target_type", "pk": 2691, "fields": {"targeting_type": "", "category": "In-Market Audiences", "subcategory": "Sports & Fitness"}}, {"model": "api.target_type", "pk": 2692, "fields": {"targeting_type": "", "category": "In-Market Audiences", "subcategory": "Travel > Hotels & Accommodations"}}, {"model": "api.target_type", "pk": 2693, "fields": {"targeting_type": "", "category": "In-Market Audiences", "subcategory": "Travel > Trips by Destination"}}]